cve,downstream_projects,upstream_fixed_tools,downstream_fixed_tools,difference,category
CODEC-263,1,5,2,3,上下游均可修复
CODEC-270,2,5,1,4,上下游均可修复
CVE-2015-2156,1,0,0,0,上下游均不可修复
CVE-2017-7957,3,0,0,0,上下游均不可修复
CVE-2018-1000632,1,0,2,-2,仅下游可修复
CVE-2018-1002201,2,0,3,-3,仅下游可修复
CVE-2018-1002202,1,7,3,4,上下游均可修复
CVE-2018-1324,1,0,6,-6,仅下游可修复
CVE-2018-15756,1,5,2,3,上下游均可修复
CVE-2019-10086,1,7,5,2,上下游均可修复
CVE-2019-12415,2,0,4,-4,仅下游可修复
CVE-2020-13956,2,6,0,6,仅上游可修复
CVE-2020-26217,2,2,3,-1,上下游均可修复
CVE-2020-26258,1,1,5,-4,上下游均可修复
CVE-2021-21341,2,1,2,-1,上下游均可修复
CVE-2021-23899,2,0,0,0,上下游均不可修复
CVE-2021-23900,1,0,2,-2,仅下游可修复
CVE-2021-27568,1,5,6,-1,上下游均可修复
CVE-2021-29425,1,2,6,-4,上下游均可修复
CVE-2021-31812,2,0,6,-6,仅下游可修复
CVE-2021-35516,1,0,6,-6,仅下游可修复
CVE-2021-37714,2,0,2,-2,仅下游可修复
CVE-2021-39144,2,6,3,3,上下游均可修复
CVE-2021-43859,1,0,0,0,上下游均不可修复
CVE-2022-22976,2,6,0,6,仅上游可修复
CVE-2022-25845,2,0,0,0,上下游均不可修复
CVE-2022-29631,1,0,4,-4,仅下游可修复
CVE-2022-41966,2,1,2,-1,上下游均可修复
CVE-2022-42004,2,0,1,-1,仅下游可修复
CVE-2022-42889,1,6,7,-1,上下游均可修复
CVE-2022-45688,2,5,5,0,上下游均可修复
CVE-2023-1370,2,5,0,5,仅上游可修复
CVE-2023-34453,1,0,5,-5,仅下游可修复
CVE-2023-43642,1,0,1,-1,仅下游可修复
IO-611,2,5,2,3,上下游均可修复
LANG-1385,2,8,3,5,上下游均可修复
LANG-1484,1,6,1,5,上下游均可修复
LANG-1645,2,5,3,2,上下游均可修复
TEXT-215,2,7,0,7,仅上游可修复
ZIP4J-263,2,3,1,2,上下游均可修复
