cve,tool,upstream_fixed,downstream_all_projects_fixed,state
CODEC-263,Agentless,0,0,均未修复
CODEC-263,Appatch,1,1,上下游均修复
CODEC-263,OpenHands,1,1,上下游均修复
CODEC-263,PatchAgent,1,0,仅上游修复
CODEC-263,PreMM,0,0,均未修复
CODEC-263,ReInFix,0,0,均未修复
CODEC-263,RepairAgent,0,0,均未修复
CODEC-263,San2Patch,1,0,仅上游修复
CODEC-263,SWE-agent,1,0,仅上游修复
CODEC-270,Agentless,1,0,仅上游修复
CODEC-270,Appatch,1,0,仅上游修复
CODEC-270,OpenHands,1,1,上下游均修复
CODEC-270,PatchAgent,1,0,仅上游修复
CODEC-270,PreMM,0,0,均未修复
CODEC-270,ReInFix,0,0,均未修复
CODEC-270,RepairAgent,0,0,均未修复
CODEC-270,San2Patch,0,0,均未修复
CODEC-270,SWE-agent,1,0,仅上游修复
CVE-2015-2156,Agentless,0,0,均未修复
CVE-2015-2156,Appatch,0,0,均未修复
CVE-2015-2156,OpenHands,0,0,均未修复
CVE-2015-2156,PatchAgent,0,0,均未修复
CVE-2015-2156,PreMM,0,0,均未修复
CVE-2015-2156,ReInFix,0,0,均未修复
CVE-2015-2156,RepairAgent,0,0,均未修复
CVE-2015-2156,San2Patch,0,0,均未修复
CVE-2015-2156,SWE-agent,0,0,均未修复
CVE-2017-7957,Agentless,0,0,均未修复
CVE-2017-7957,Appatch,0,0,均未修复
CVE-2017-7957,OpenHands,0,0,均未修复
CVE-2017-7957,PatchAgent,0,0,均未修复
CVE-2017-7957,PreMM,0,0,均未修复
CVE-2017-7957,ReInFix,0,0,均未修复
CVE-2017-7957,RepairAgent,0,0,均未修复
CVE-2017-7957,San2Patch,0,0,均未修复
CVE-2017-7957,SWE-agent,0,0,均未修复
CVE-2018-1000632,Agentless,0,0,均未修复
CVE-2018-1000632,Appatch,0,0,均未修复
CVE-2018-1000632,OpenHands,0,1,仅下游修复
CVE-2018-1000632,PatchAgent,0,0,均未修复
CVE-2018-1000632,PreMM,0,0,均未修复
CVE-2018-1000632,ReInFix,0,0,均未修复
CVE-2018-1000632,RepairAgent,0,0,均未修复
CVE-2018-1000632,San2Patch,0,0,均未修复
CVE-2018-1000632,SWE-agent,0,1,仅下游修复
CVE-2018-1002201,Agentless,0,0,均未修复
CVE-2018-1002201,Appatch,0,1,仅下游修复
CVE-2018-1002201,OpenHands,0,1,仅下游修复
CVE-2018-1002201,PatchAgent,0,0,均未修复
CVE-2018-1002201,PreMM,0,0,均未修复
CVE-2018-1002201,ReInFix,0,0,均未修复
CVE-2018-1002201,RepairAgent,0,0,均未修复
CVE-2018-1002201,San2Patch,0,0,均未修复
CVE-2018-1002201,SWE-agent,0,1,仅下游修复
CVE-2018-1002202,Agentless,0,1,仅下游修复
CVE-2018-1002202,Appatch,1,0,仅上游修复
CVE-2018-1002202,OpenHands,1,1,上下游均修复
CVE-2018-1002202,PatchAgent,1,1,上下游均修复
CVE-2018-1002202,PreMM,1,0,仅上游修复
CVE-2018-1002202,ReInFix,1,0,仅上游修复
CVE-2018-1002202,RepairAgent,0,0,均未修复
CVE-2018-1002202,San2Patch,1,0,仅上游修复
CVE-2018-1002202,SWE-agent,1,0,仅上游修复
CVE-2018-1324,Agentless,0,1,仅下游修复
CVE-2018-1324,Appatch,0,1,仅下游修复
CVE-2018-1324,OpenHands,0,1,仅下游修复
CVE-2018-1324,PatchAgent,0,1,仅下游修复
CVE-2018-1324,PreMM,0,0,均未修复
CVE-2018-1324,ReInFix,0,0,均未修复
CVE-2018-1324,RepairAgent,0,1,仅下游修复
CVE-2018-1324,San2Patch,0,0,均未修复
CVE-2018-1324,SWE-agent,0,1,仅下游修复
CVE-2018-15756,Agentless,0,0,均未修复
CVE-2018-15756,Appatch,0,0,均未修复
CVE-2018-15756,OpenHands,1,0,仅上游修复
CVE-2018-15756,PatchAgent,1,0,仅上游修复
CVE-2018-15756,PreMM,1,0,仅上游修复
CVE-2018-15756,ReInFix,1,1,上下游均修复
CVE-2018-15756,RepairAgent,0,0,均未修复
CVE-2018-15756,San2Patch,0,0,均未修复
CVE-2018-15756,SWE-agent,1,1,上下游均修复
CVE-2019-10086,Agentless,0,1,仅下游修复
CVE-2019-10086,Appatch,1,1,上下游均修复
CVE-2019-10086,OpenHands,1,1,上下游均修复
CVE-2019-10086,PatchAgent,1,1,上下游均修复
CVE-2019-10086,PreMM,1,0,仅上游修复
CVE-2019-10086,ReInFix,1,0,仅上游修复
CVE-2019-10086,RepairAgent,0,0,均未修复
CVE-2019-10086,San2Patch,1,0,仅上游修复
CVE-2019-10086,SWE-agent,1,1,上下游均修复
CVE-2019-12415,Agentless,0,1,仅下游修复
CVE-2019-12415,Appatch,0,0,均未修复
CVE-2019-12415,OpenHands,0,0,均未修复
CVE-2019-12415,PatchAgent,0,1,仅下游修复
CVE-2019-12415,PreMM,0,0,均未修复
CVE-2019-12415,ReInFix,0,0,均未修复
CVE-2019-12415,RepairAgent,0,1,仅下游修复
CVE-2019-12415,San2Patch,0,0,均未修复
CVE-2019-12415,SWE-agent,0,1,仅下游修复
CVE-2020-13956,Agentless,1,0,仅上游修复
CVE-2020-13956,Appatch,1,0,仅上游修复
CVE-2020-13956,OpenHands,0,0,均未修复
CVE-2020-13956,PatchAgent,1,0,仅上游修复
CVE-2020-13956,PreMM,0,0,均未修复
CVE-2020-13956,ReInFix,1,0,仅上游修复
CVE-2020-13956,RepairAgent,0,0,均未修复
CVE-2020-13956,San2Patch,1,0,仅上游修复
CVE-2020-13956,SWE-agent,1,0,仅上游修复
CVE-2020-26217,Agentless,0,0,均未修复
CVE-2020-26217,Appatch,0,0,均未修复
CVE-2020-26217,OpenHands,0,1,仅下游修复
CVE-2020-26217,PatchAgent,0,0,均未修复
CVE-2020-26217,PreMM,0,0,均未修复
CVE-2020-26217,ReInFix,1,1,上下游均修复
CVE-2020-26217,RepairAgent,1,0,仅上游修复
CVE-2020-26217,San2Patch,0,0,均未修复
CVE-2020-26217,SWE-agent,0,1,仅下游修复
CVE-2020-26258,Agentless,0,0,均未修复
CVE-2020-26258,Appatch,0,1,仅下游修复
CVE-2020-26258,OpenHands,0,1,仅下游修复
CVE-2020-26258,PatchAgent,1,1,上下游均修复
CVE-2020-26258,PreMM,0,0,均未修复
CVE-2020-26258,ReInFix,0,0,均未修复
CVE-2020-26258,RepairAgent,0,1,仅下游修复
CVE-2020-26258,San2Patch,0,0,均未修复
CVE-2020-26258,SWE-agent,0,1,仅下游修复
CVE-2021-21341,Agentless,0,0,均未修复
CVE-2021-21341,Appatch,0,0,均未修复
CVE-2021-21341,OpenHands,0,1,仅下游修复
CVE-2021-21341,PatchAgent,0,0,均未修复
CVE-2021-21341,PreMM,0,0,均未修复
CVE-2021-21341,ReInFix,0,0,均未修复
CVE-2021-21341,RepairAgent,1,0,仅上游修复
CVE-2021-21341,San2Patch,0,0,均未修复
CVE-2021-21341,SWE-agent,0,1,仅下游修复
CVE-2021-23899,Agentless,0,0,均未修复
CVE-2021-23899,Appatch,0,0,均未修复
CVE-2021-23899,OpenHands,0,0,均未修复
CVE-2021-23899,PatchAgent,0,0,均未修复
CVE-2021-23899,PreMM,0,0,均未修复
CVE-2021-23899,ReInFix,0,0,均未修复
CVE-2021-23899,RepairAgent,0,0,均未修复
CVE-2021-23899,San2Patch,0,0,均未修复
CVE-2021-23899,SWE-agent,0,0,均未修复
CVE-2021-23900,Agentless,0,0,均未修复
CVE-2021-23900,Appatch,0,0,均未修复
CVE-2021-23900,OpenHands,0,0,均未修复
CVE-2021-23900,PatchAgent,0,1,仅下游修复
CVE-2021-23900,PreMM,0,0,均未修复
CVE-2021-23900,ReInFix,0,0,均未修复
CVE-2021-23900,RepairAgent,0,1,仅下游修复
CVE-2021-23900,San2Patch,0,0,均未修复
CVE-2021-23900,SWE-agent,0,0,均未修复
CVE-2021-27568,Agentless,0,1,仅下游修复
CVE-2021-27568,Appatch,1,0,仅上游修复
CVE-2021-27568,OpenHands,1,1,上下游均修复
CVE-2021-27568,PatchAgent,1,1,上下游均修复
CVE-2021-27568,PreMM,1,1,上下游均修复
CVE-2021-27568,ReInFix,0,0,均未修复
CVE-2021-27568,RepairAgent,0,1,仅下游修复
CVE-2021-27568,San2Patch,0,1,仅下游修复
CVE-2021-27568,SWE-agent,1,0,仅上游修复
CVE-2021-29425,Agentless,0,0,均未修复
CVE-2021-29425,Appatch,0,0,均未修复
CVE-2021-29425,OpenHands,1,1,上下游均修复
CVE-2021-29425,PatchAgent,0,0,均未修复
CVE-2021-29425,PreMM,0,1,仅下游修复
CVE-2021-29425,ReInFix,0,1,仅下游修复
CVE-2021-29425,RepairAgent,1,1,上下游均修复
CVE-2021-29425,San2Patch,0,1,仅下游修复
CVE-2021-29425,SWE-agent,0,1,仅下游修复
CVE-2021-31812,Agentless,0,1,仅下游修复
CVE-2021-31812,Appatch,0,0,均未修复
CVE-2021-31812,OpenHands,0,1,仅下游修复
CVE-2021-31812,PatchAgent,0,0,均未修复
CVE-2021-31812,PreMM,0,0,均未修复
CVE-2021-31812,ReInFix,0,1,仅下游修复
CVE-2021-31812,RepairAgent,0,1,仅下游修复
CVE-2021-31812,San2Patch,0,1,仅下游修复
CVE-2021-31812,SWE-agent,0,1,仅下游修复
CVE-2021-35516,Agentless,0,1,仅下游修复
CVE-2021-35516,Appatch,0,0,均未修复
CVE-2021-35516,OpenHands,0,1,仅下游修复
CVE-2021-35516,PatchAgent,0,1,仅下游修复
CVE-2021-35516,PreMM,0,1,仅下游修复
CVE-2021-35516,ReInFix,0,1,仅下游修复
CVE-2021-35516,RepairAgent,0,1,仅下游修复
CVE-2021-35516,San2Patch,0,0,均未修复
CVE-2021-35516,SWE-agent,0,0,均未修复
CVE-2021-37714,Agentless,0,0,均未修复
CVE-2021-37714,Appatch,0,0,均未修复
CVE-2021-37714,OpenHands,0,1,仅下游修复
CVE-2021-37714,PatchAgent,0,0,均未修复
CVE-2021-37714,PreMM,0,0,均未修复
CVE-2021-37714,ReInFix,0,0,均未修复
CVE-2021-37714,RepairAgent,0,0,均未修复
CVE-2021-37714,San2Patch,0,0,均未修复
CVE-2021-37714,SWE-agent,0,1,仅下游修复
CVE-2021-39144,Agentless,0,1,仅下游修复
CVE-2021-39144,Appatch,0,1,仅下游修复
CVE-2021-39144,OpenHands,1,0,仅上游修复
CVE-2021-39144,PatchAgent,1,0,仅上游修复
CVE-2021-39144,PreMM,0,0,均未修复
CVE-2021-39144,ReInFix,1,1,上下游均修复
CVE-2021-39144,RepairAgent,1,0,仅上游修复
CVE-2021-39144,San2Patch,1,0,仅上游修复
CVE-2021-39144,SWE-agent,1,0,仅上游修复
CVE-2021-43859,Agentless,0,0,均未修复
CVE-2021-43859,Appatch,0,0,均未修复
CVE-2021-43859,OpenHands,0,0,均未修复
CVE-2021-43859,PatchAgent,0,0,均未修复
CVE-2021-43859,PreMM,0,0,均未修复
CVE-2021-43859,ReInFix,0,0,均未修复
CVE-2021-43859,RepairAgent,0,0,均未修复
CVE-2021-43859,San2Patch,0,0,均未修复
CVE-2021-43859,SWE-agent,0,0,均未修复
CVE-2022-22976,Agentless,1,0,仅上游修复
CVE-2022-22976,Appatch,0,0,均未修复
CVE-2022-22976,OpenHands,1,0,仅上游修复
CVE-2022-22976,PatchAgent,1,0,仅上游修复
CVE-2022-22976,PreMM,1,0,仅上游修复
CVE-2022-22976,ReInFix,1,0,仅上游修复
CVE-2022-22976,RepairAgent,0,0,均未修复
CVE-2022-22976,San2Patch,0,0,均未修复
CVE-2022-22976,SWE-agent,1,0,仅上游修复
CVE-2022-25845,Agentless,0,0,均未修复
CVE-2022-25845,Appatch,0,0,均未修复
CVE-2022-25845,OpenHands,0,0,均未修复
CVE-2022-25845,PatchAgent,0,0,均未修复
CVE-2022-25845,PreMM,0,0,均未修复
CVE-2022-25845,ReInFix,0,0,均未修复
CVE-2022-25845,RepairAgent,0,0,均未修复
CVE-2022-25845,San2Patch,0,0,均未修复
CVE-2022-25845,SWE-agent,0,0,均未修复
CVE-2022-29631,Agentless,0,0,均未修复
CVE-2022-29631,Appatch,0,1,仅下游修复
CVE-2022-29631,OpenHands,0,1,仅下游修复
CVE-2022-29631,PatchAgent,0,0,均未修复
CVE-2022-29631,PreMM,0,1,仅下游修复
CVE-2022-29631,ReInFix,0,0,均未修复
CVE-2022-29631,RepairAgent,0,0,均未修复
CVE-2022-29631,San2Patch,0,1,仅下游修复
CVE-2022-29631,SWE-agent,0,0,均未修复
CVE-2022-41966,Agentless,0,0,均未修复
CVE-2022-41966,Appatch,0,0,均未修复
CVE-2022-41966,OpenHands,1,1,上下游均修复
CVE-2022-41966,PatchAgent,0,1,仅下游修复
CVE-2022-41966,PreMM,0,0,均未修复
CVE-2022-41966,ReInFix,0,0,均未修复
CVE-2022-41966,RepairAgent,0,0,均未修复
CVE-2022-41966,San2Patch,0,0,均未修复
CVE-2022-41966,SWE-agent,0,0,均未修复
CVE-2022-42004,Agentless,0,0,均未修复
CVE-2022-42004,Appatch,0,0,均未修复
CVE-2022-42004,OpenHands,0,1,仅下游修复
CVE-2022-42004,PatchAgent,0,0,均未修复
CVE-2022-42004,PreMM,0,0,均未修复
CVE-2022-42004,ReInFix,0,0,均未修复
CVE-2022-42004,RepairAgent,0,0,均未修复
CVE-2022-42004,San2Patch,0,0,均未修复
CVE-2022-42004,SWE-agent,0,0,均未修复
CVE-2022-42889,Agentless,1,0,仅上游修复
CVE-2022-42889,Appatch,1,1,上下游均修复
CVE-2022-42889,OpenHands,1,1,上下游均修复
CVE-2022-42889,PatchAgent,1,0,仅上游修复
CVE-2022-42889,PreMM,0,1,仅下游修复
CVE-2022-42889,ReInFix,0,1,仅下游修复
CVE-2022-42889,RepairAgent,0,1,仅下游修复
CVE-2022-42889,San2Patch,1,1,上下游均修复
CVE-2022-42889,SWE-agent,1,1,上下游均修复
CVE-2022-45688,Agentless,0,1,仅下游修复
CVE-2022-45688,Appatch,0,1,仅下游修复
CVE-2022-45688,OpenHands,1,1,上下游均修复
CVE-2022-45688,PatchAgent,1,0,仅上游修复
CVE-2022-45688,PreMM,0,1,仅下游修复
CVE-2022-45688,ReInFix,1,0,仅上游修复
CVE-2022-45688,RepairAgent,1,0,仅上游修复
CVE-2022-45688,San2Patch,0,0,均未修复
CVE-2022-45688,SWE-agent,1,1,上下游均修复
CVE-2023-1370,Agentless,1,0,仅上游修复
CVE-2023-1370,Appatch,1,0,仅上游修复
CVE-2023-1370,OpenHands,1,0,仅上游修复
CVE-2023-1370,PatchAgent,1,0,仅上游修复
CVE-2023-1370,PreMM,0,0,均未修复
CVE-2023-1370,ReInFix,0,0,均未修复
CVE-2023-1370,RepairAgent,0,0,均未修复
CVE-2023-1370,San2Patch,0,0,均未修复
CVE-2023-1370,SWE-agent,1,0,仅上游修复
CVE-2023-34453,Agentless,0,0,均未修复
CVE-2023-34453,Appatch,0,0,均未修复
CVE-2023-34453,OpenHands,0,1,仅下游修复
CVE-2023-34453,PatchAgent,0,0,均未修复
CVE-2023-34453,PreMM,0,1,仅下游修复
CVE-2023-34453,ReInFix,0,1,仅下游修复
CVE-2023-34453,RepairAgent,0,0,均未修复
CVE-2023-34453,San2Patch,0,1,仅下游修复
CVE-2023-34453,SWE-agent,0,1,仅下游修复
CVE-2023-43642,Agentless,0,0,均未修复
CVE-2023-43642,Appatch,0,0,均未修复
CVE-2023-43642,OpenHands,0,0,均未修复
CVE-2023-43642,PatchAgent,0,0,均未修复
CVE-2023-43642,PreMM,0,1,仅下游修复
CVE-2023-43642,ReInFix,0,0,均未修复
CVE-2023-43642,RepairAgent,0,0,均未修复
CVE-2023-43642,San2Patch,0,0,均未修复
CVE-2023-43642,SWE-agent,0,0,均未修复
IO-611,Agentless,1,0,仅上游修复
IO-611,Appatch,0,0,均未修复
IO-611,OpenHands,1,0,仅上游修复
IO-611,PatchAgent,1,0,仅上游修复
IO-611,PreMM,0,1,仅下游修复
IO-611,ReInFix,0,0,均未修复
IO-611,RepairAgent,1,0,仅上游修复
IO-611,San2Patch,1,1,上下游均修复
IO-611,SWE-agent,0,0,均未修复
LANG-1385,Agentless,1,0,仅上游修复
LANG-1385,Appatch,1,0,仅上游修复
LANG-1385,OpenHands,1,1,上下游均修复
LANG-1385,PatchAgent,1,1,上下游均修复
LANG-1385,PreMM,1,0,仅上游修复
LANG-1385,ReInFix,1,0,仅上游修复
LANG-1385,RepairAgent,0,0,均未修复
LANG-1385,San2Patch,1,0,仅上游修复
LANG-1385,SWE-agent,1,1,上下游均修复
LANG-1484,Agentless,0,0,均未修复
LANG-1484,Appatch,0,0,均未修复
LANG-1484,OpenHands,1,0,仅上游修复
LANG-1484,PatchAgent,1,0,仅上游修复
LANG-1484,PreMM,1,0,仅上游修复
LANG-1484,ReInFix,1,0,仅上游修复
LANG-1484,RepairAgent,0,0,均未修复
LANG-1484,San2Patch,1,0,仅上游修复
LANG-1484,SWE-agent,1,1,上下游均修复
LANG-1645,Agentless,1,1,上下游均修复
LANG-1645,Appatch,0,0,均未修复
LANG-1645,OpenHands,1,1,上下游均修复
LANG-1645,PatchAgent,1,0,仅上游修复
LANG-1645,PreMM,1,0,仅上游修复
LANG-1645,ReInFix,1,0,仅上游修复
LANG-1645,RepairAgent,0,0,均未修复
LANG-1645,San2Patch,0,0,均未修复
LANG-1645,SWE-agent,0,1,仅下游修复
TEXT-215,Agentless,0,0,均未修复
TEXT-215,Appatch,1,0,仅上游修复
TEXT-215,OpenHands,1,0,仅上游修复
TEXT-215,PatchAgent,1,0,仅上游修复
TEXT-215,PreMM,1,0,仅上游修复
TEXT-215,ReInFix,1,0,仅上游修复
TEXT-215,RepairAgent,0,0,均未修复
TEXT-215,San2Patch,1,0,仅上游修复
TEXT-215,SWE-agent,1,0,仅上游修复
ZIP4J-263,Agentless,1,0,仅上游修复
ZIP4J-263,Appatch,1,0,仅上游修复
ZIP4J-263,OpenHands,1,0,仅上游修复
ZIP4J-263,PatchAgent,0,0,均未修复
ZIP4J-263,PreMM,0,1,仅下游修复
ZIP4J-263,ReInFix,0,0,均未修复
ZIP4J-263,RepairAgent,0,0,均未修复
ZIP4J-263,San2Patch,0,0,均未修复
ZIP4J-263,SWE-agent,0,0,均未修复
