cve,tool,upstream_status,upstream_fixed,downstream_fixed_projects,downstream_total_projects,downstream_cve_rate,difference_upstream_minus_downstream
CODEC-263,Agentless,Compilation Failed,0,0,1,0.000000,0.000000
CODEC-270,Agentless,Fixed,1,0,2,0.000000,1.000000
CVE-2015-2156,Agentless,Compilation Failed,0,0,1,0.000000,0.000000
CVE-2017-7957,Agentless,Not Fixed,0,1,3,0.333333,-0.333333
CVE-2018-1000632,Agentless,Compilation Failed,0,0,1,0.000000,0.000000
CVE-2018-1002201,Agentless,Not Fixed,0,1,2,0.500000,-0.500000
CVE-2018-1002202,Agentless,Compilation Failed,0,1,1,1.000000,-1.000000
CVE-2018-1324,Agentless,Not Fixed,0,1,1,1.000000,-1.000000
CVE-2018-15756,Agentless,Not Fixed,0,0,1,0.000000,0.000000
CVE-2019-10086,Agentless,Not Fixed,0,1,1,1.000000,-1.000000
CVE-2019-12415,Agentless,Compilation Failed,0,2,2,1.000000,-1.000000
CVE-2020-13956,Agentless,Fixed,1,1,2,0.500000,0.500000
CVE-2020-26217,Agentless,Not Fixed,0,1,2,0.500000,-0.500000
CVE-2020-26258,Agentless,Not Fixed,0,0,1,0.000000,0.000000
CVE-2021-21341,Agentless,Not Fixed,0,0,2,0.000000,0.000000
CVE-2021-23899,Agentless,Not Fixed,0,0,2,0.000000,0.000000
CVE-2021-23900,Agentless,Not Fixed,0,0,1,0.000000,0.000000
CVE-2021-27568,Agentless,Compilation Failed,0,1,1,1.000000,-1.000000
CVE-2021-29425,Agentless,Not Fixed,0,0,1,0.000000,0.000000
CVE-2021-31812,Agentless,Not Fixed,0,2,2,1.000000,-1.000000
CVE-2021-35516,Agentless,Not Fixed,0,1,1,1.000000,-1.000000
CVE-2021-37714,Agentless,Not Fixed,0,1,2,0.500000,-0.500000
CVE-2021-39144,Agentless,Not Fixed,0,2,2,1.000000,-1.000000
CVE-2021-43859,Agentless,Compilation Failed,0,0,1,0.000000,0.000000
CVE-2022-22976,Agentless,Fixed,1,0,2,0.000000,1.000000
CVE-2022-25845,Agentless,Not Fixed,0,0,2,0.000000,0.000000
CVE-2022-29631,Agentless,Not Fixed,0,0,1,0.000000,0.000000
CVE-2022-41966,Agentless,Compilation Failed,0,0,2,0.000000,0.000000
CVE-2022-42004,Agentless,No Patch,0,0,2,0.000000,0.000000
CVE-2022-42889,Agentless,Fixed,1,0,1,0.000000,1.000000
CVE-2022-45688,Agentless,Not Fixed,0,2,2,1.000000,-1.000000
CVE-2023-1370,Agentless,Fixed,1,1,2,0.500000,0.500000
CVE-2023-34453,Agentless,Not Fixed,0,0,1,0.000000,0.000000
CVE-2023-43642,Agentless,Not Fixed,0,0,1,0.000000,0.000000
IO-611,Agentless,Fixed,1,0,2,0.000000,1.000000
LANG-1385,Agentless,Fixed,1,1,2,0.500000,0.500000
LANG-1484,Agentless,No Patch,0,0,1,0.000000,0.000000
LANG-1645,Agentless,Fixed,1,2,2,1.000000,0.000000
TEXT-215,Agentless,Compilation Failed,0,0,2,0.000000,0.000000
ZIP4J-263,Agentless,Fixed,1,1,2,0.500000,0.500000
CODEC-263,Appatch,Fixed,1,1,1,1.000000,0.000000
CODEC-270,Appatch,Fixed,1,0,2,0.000000,1.000000
CVE-2015-2156,Appatch,Not Fixed,0,0,1,0.000000,0.000000
CVE-2017-7957,Appatch,Not Fixed,0,2,3,0.666667,-0.666667
CVE-2018-1000632,Appatch,Not Fixed,0,0,1,0.000000,0.000000
CVE-2018-1002201,Appatch,Not Fixed,0,2,2,1.000000,-1.000000
CVE-2018-1002202,Appatch,Fixed,1,0,1,0.000000,1.000000
CVE-2018-1324,Appatch,Compilation Failed,0,1,1,1.000000,-1.000000
CVE-2018-15756,Appatch,Not Fixed,0,0,1,0.000000,0.000000
CVE-2019-10086,Appatch,Fixed,1,1,1,1.000000,0.000000
CVE-2019-12415,Appatch,No Patch,0,1,2,0.500000,-0.500000
CVE-2020-13956,Appatch,Fixed,1,1,2,0.500000,0.500000
CVE-2020-26217,Appatch,Not Fixed,0,1,2,0.500000,-0.500000
CVE-2020-26258,Appatch,Not Fixed,0,1,1,1.000000,-1.000000
CVE-2021-21341,Appatch,Not Fixed,0,1,2,0.500000,-0.500000
CVE-2021-23899,Appatch,Not Fixed,0,0,2,0.000000,0.000000
CVE-2021-23900,Appatch,Not Fixed,0,0,1,0.000000,0.000000
CVE-2021-27568,Appatch,Fixed,1,0,1,0.000000,1.000000
CVE-2021-29425,Appatch,Not Fixed,0,0,1,0.000000,0.000000
CVE-2021-31812,Appatch,Not Fixed,0,1,2,0.500000,-0.500000
CVE-2021-35516,Appatch,Not Fixed,0,0,1,0.000000,0.000000
CVE-2021-37714,Appatch,Not Fixed,0,1,2,0.500000,-0.500000
CVE-2021-39144,Appatch,No Patch,0,2,2,1.000000,-1.000000
CVE-2021-43859,Appatch,No Patch,0,0,1,0.000000,0.000000
CVE-2022-22976,Appatch,No Patch,0,0,2,0.000000,0.000000
CVE-2022-25845,Appatch,No Patch,0,0,2,0.000000,0.000000
CVE-2022-29631,Appatch,Not Fixed,0,1,1,1.000000,-1.000000
CVE-2022-41966,Appatch,Compilation Failed,0,0,2,0.000000,0.000000
CVE-2022-42004,Appatch,Not Fixed,0,0,2,0.000000,0.000000
CVE-2022-42889,Appatch,Fixed,1,1,1,1.000000,0.000000
CVE-2022-45688,Appatch,Not Fixed,0,2,2,1.000000,-1.000000
CVE-2023-1370,Appatch,Fixed,1,0,2,0.000000,1.000000
CVE-2023-34453,Appatch,Not Fixed,0,0,1,0.000000,0.000000
CVE-2023-43642,Appatch,Not Fixed,0,0,1,0.000000,0.000000
IO-611,Appatch,Not Fixed,0,0,2,0.000000,0.000000
LANG-1385,Appatch,Fixed,1,1,2,0.500000,0.500000
LANG-1484,Appatch,No Patch,0,0,1,0.000000,0.000000
LANG-1645,Appatch,Not Fixed,0,1,2,0.500000,-0.500000
TEXT-215,Appatch,Fixed,1,0,2,0.000000,1.000000
ZIP4J-263,Appatch,Fixed,1,0,2,0.000000,1.000000
CODEC-263,OpenHands,Fixed,1,1,1,1.000000,0.000000
CODEC-270,OpenHands,Fixed,1,2,2,1.000000,0.000000
CVE-2015-2156,OpenHands,Not Fixed,0,0,1,0.000000,0.000000
CVE-2017-7957,OpenHands,Not Fixed,0,2,3,0.666667,-0.666667
CVE-2018-1000632,OpenHands,Not Fixed,0,1,1,1.000000,-1.000000
CVE-2018-1002201,OpenHands,Not Fixed,0,2,2,1.000000,-1.000000
CVE-2018-1002202,OpenHands,Fixed,1,1,1,1.000000,0.000000
CVE-2018-1324,OpenHands,Not Fixed,0,1,1,1.000000,-1.000000
CVE-2018-15756,OpenHands,Fixed,1,0,1,0.000000,1.000000
CVE-2019-10086,OpenHands,Fixed,1,1,1,1.000000,0.000000
CVE-2019-12415,OpenHands,Compilation Failed,0,1,2,0.500000,-0.500000
CVE-2020-13956,OpenHands,Not Fixed,0,1,2,0.500000,-0.500000
CVE-2020-26217,OpenHands,No Patch,0,2,2,1.000000,-1.000000
CVE-2020-26258,OpenHands,Not Fixed,0,1,1,1.000000,-1.000000
CVE-2021-21341,OpenHands,Not Fixed,0,2,2,1.000000,-1.000000
CVE-2021-23899,OpenHands,Not Fixed,0,0,2,0.000000,0.000000
CVE-2021-23900,OpenHands,Not Fixed,0,0,1,0.000000,0.000000
CVE-2021-27568,OpenHands,Fixed,1,1,1,1.000000,0.000000
CVE-2021-29425,OpenHands,Fixed,1,1,1,1.000000,0.000000
CVE-2021-31812,OpenHands,Not Fixed,0,2,2,1.000000,-1.000000
CVE-2021-35516,OpenHands,Not Fixed,0,1,1,1.000000,-1.000000
CVE-2021-37714,OpenHands,Not Fixed,0,2,2,1.000000,-1.000000
CVE-2021-39144,OpenHands,Fixed,1,1,2,0.500000,0.500000
CVE-2021-43859,OpenHands,Not Fixed,0,0,1,0.000000,0.000000
CVE-2022-22976,OpenHands,Fixed,1,0,2,0.000000,1.000000
CVE-2022-25845,OpenHands,Not Fixed,0,0,2,0.000000,0.000000
CVE-2022-29631,OpenHands,Not Fixed,0,1,1,1.000000,-1.000000
CVE-2022-41966,OpenHands,Fixed,1,2,2,1.000000,0.000000
CVE-2022-42004,OpenHands,Not Fixed,0,2,2,1.000000,-1.000000
CVE-2022-42889,OpenHands,Fixed,1,1,1,1.000000,0.000000
CVE-2022-45688,OpenHands,Fixed,1,2,2,1.000000,0.000000
CVE-2023-1370,OpenHands,Fixed,1,1,2,0.500000,0.500000
CVE-2023-34453,OpenHands,Not Fixed,0,1,1,1.000000,-1.000000
CVE-2023-43642,OpenHands,Not Fixed,0,0,1,0.000000,0.000000
IO-611,OpenHands,Fixed,1,1,2,0.500000,0.500000
LANG-1385,OpenHands,Fixed,1,2,2,1.000000,0.000000
LANG-1484,OpenHands,Fixed,1,0,1,0.000000,1.000000
LANG-1645,OpenHands,Fixed,1,2,2,1.000000,0.000000
TEXT-215,OpenHands,Fixed,1,0,2,0.000000,1.000000
ZIP4J-263,OpenHands,Fixed,1,0,2,0.000000,1.000000
CODEC-263,PatchAgent,Fixed,1,0,1,0.000000,1.000000
CODEC-270,PatchAgent,Fixed,1,1,2,0.500000,0.500000
CVE-2015-2156,PatchAgent,Not Fixed,0,0,1,0.000000,0.000000
CVE-2017-7957,PatchAgent,Not Fixed,0,2,3,0.666667,-0.666667
CVE-2018-1000632,PatchAgent,Not Fixed,0,0,1,0.000000,0.000000
CVE-2018-1002201,PatchAgent,Compilation Failed,0,1,2,0.500000,-0.500000
CVE-2018-1002202,PatchAgent,Fixed,1,1,1,1.000000,0.000000
CVE-2018-1324,PatchAgent,Not Fixed,0,1,1,1.000000,-1.000000
CVE-2018-15756,PatchAgent,Fixed,1,0,1,0.000000,1.000000
CVE-2019-10086,PatchAgent,Fixed,1,1,1,1.000000,0.000000
CVE-2019-12415,PatchAgent,Not Fixed,0,2,2,1.000000,-1.000000
CVE-2020-13956,PatchAgent,Fixed,1,0,2,0.000000,1.000000
CVE-2020-26217,PatchAgent,Compilation Failed,0,1,2,0.500000,-0.500000
CVE-2020-26258,PatchAgent,Fixed,1,1,1,1.000000,0.000000
CVE-2021-21341,PatchAgent,Not Fixed,0,1,2,0.500000,-0.500000
CVE-2021-23899,PatchAgent,Not Fixed,0,0,2,0.000000,0.000000
CVE-2021-23900,PatchAgent,Not Fixed,0,1,1,1.000000,-1.000000
CVE-2021-27568,PatchAgent,Fixed,1,1,1,1.000000,0.000000
CVE-2021-29425,PatchAgent,Not Fixed,0,0,1,0.000000,0.000000
CVE-2021-31812,PatchAgent,Not Fixed,0,1,2,0.500000,-0.500000
CVE-2021-35516,PatchAgent,Not Fixed,0,1,1,1.000000,-1.000000
CVE-2021-37714,PatchAgent,Not Fixed,0,1,2,0.500000,-0.500000
CVE-2021-39144,PatchAgent,Fixed,1,1,2,0.500000,0.500000
CVE-2021-43859,PatchAgent,Compilation Failed,0,0,1,0.000000,0.000000
CVE-2022-22976,PatchAgent,Fixed,1,0,2,0.000000,1.000000
CVE-2022-25845,PatchAgent,Not Fixed,0,0,2,0.000000,0.000000
CVE-2022-29631,PatchAgent,Not Fixed,0,0,1,0.000000,0.000000
CVE-2022-41966,PatchAgent,Not Fixed,0,2,2,1.000000,-1.000000
CVE-2022-42004,PatchAgent,Compilation Failed,0,0,2,0.000000,0.000000
CVE-2022-42889,PatchAgent,Fixed,1,0,1,0.000000,1.000000
CVE-2022-45688,PatchAgent,Fixed,1,0,2,0.000000,1.000000
CVE-2023-1370,PatchAgent,Fixed,1,0,2,0.000000,1.000000
CVE-2023-34453,PatchAgent,Not Fixed,0,0,1,0.000000,0.000000
CVE-2023-43642,PatchAgent,Not Fixed,0,0,1,0.000000,0.000000
IO-611,PatchAgent,Fixed,1,0,2,0.000000,1.000000
LANG-1385,PatchAgent,Fixed,1,2,2,1.000000,0.000000
LANG-1484,PatchAgent,Fixed,1,0,1,0.000000,1.000000
LANG-1645,PatchAgent,Fixed,1,1,2,0.500000,0.500000
TEXT-215,PatchAgent,Fixed,1,0,2,0.000000,1.000000
ZIP4J-263,PatchAgent,Not Fixed,0,0,2,0.000000,0.000000
CODEC-263,PreMM,Not Fixed,0,0,1,0.000000,0.000000
CODEC-270,PreMM,Not Fixed,0,0,2,0.000000,0.000000
CVE-2015-2156,PreMM,Compilation Failed,0,0,1,0.000000,0.000000
CVE-2017-7957,PreMM,Compilation Failed,0,1,3,0.333333,-0.333333
CVE-2018-1000632,PreMM,No Patch,0,0,1,0.000000,0.000000
CVE-2018-1002201,PreMM,Not Fixed,0,1,2,0.500000,-0.500000
CVE-2018-1002202,PreMM,Fixed,1,0,1,0.000000,1.000000
CVE-2018-1324,PreMM,Not Fixed,0,0,1,0.000000,0.000000
CVE-2018-15756,PreMM,Fixed,1,0,1,0.000000,1.000000
CVE-2019-10086,PreMM,Fixed,1,0,1,0.000000,1.000000
CVE-2019-12415,PreMM,Compilation Failed,0,0,2,0.000000,0.000000
CVE-2020-13956,PreMM,Compilation Failed,0,0,2,0.000000,0.000000
CVE-2020-26217,PreMM,Compilation Failed,0,1,2,0.500000,-0.500000
CVE-2020-26258,PreMM,Compilation Failed,0,0,1,0.000000,0.000000
CVE-2021-21341,PreMM,Not Fixed,0,0,2,0.000000,0.000000
CVE-2021-23899,PreMM,Not Fixed,0,0,2,0.000000,0.000000
CVE-2021-23900,PreMM,Not Fixed,0,0,1,0.000000,0.000000
CVE-2021-27568,PreMM,Fixed,1,1,1,1.000000,0.000000
CVE-2021-29425,PreMM,Not Fixed,0,1,1,1.000000,-1.000000
CVE-2021-31812,PreMM,Compilation Failed,0,0,2,0.000000,0.000000
CVE-2021-35516,PreMM,Not Fixed,0,1,1,1.000000,-1.000000
CVE-2021-37714,PreMM,Not Fixed,0,0,2,0.000000,0.000000
CVE-2021-39144,PreMM,Compilation Failed,0,1,2,0.500000,-0.500000
CVE-2021-43859,PreMM,Compilation Failed,0,0,1,0.000000,0.000000
CVE-2022-22976,PreMM,Fixed,1,0,2,0.000000,1.000000
CVE-2022-25845,PreMM,Not Fixed,0,0,2,0.000000,0.000000
CVE-2022-29631,PreMM,Compilation Failed,0,1,1,1.000000,-1.000000
CVE-2022-41966,PreMM,Compilation Failed,0,0,2,0.000000,0.000000
CVE-2022-42004,PreMM,Not Fixed,0,1,2,0.500000,-0.500000
CVE-2022-42889,PreMM,Not Fixed,0,1,1,1.000000,-1.000000
CVE-2022-45688,PreMM,No Patch,0,2,2,1.000000,-1.000000
CVE-2023-1370,PreMM,Compilation Failed,0,1,2,0.500000,-0.500000
CVE-2023-34453,PreMM,Not Fixed,0,1,1,1.000000,-1.000000
CVE-2023-43642,PreMM,Compilation Failed,0,1,1,1.000000,-1.000000
IO-611,PreMM,Not Fixed,0,2,2,1.000000,-1.000000
LANG-1385,PreMM,Fixed,1,1,2,0.500000,0.500000
LANG-1484,PreMM,Fixed,1,0,1,0.000000,1.000000
LANG-1645,PreMM,Fixed,1,0,2,0.000000,1.000000
TEXT-215,PreMM,Fixed,1,0,2,0.000000,1.000000
ZIP4J-263,PreMM,Compilation Failed,0,2,2,1.000000,-1.000000
CODEC-263,ReInFix,Compilation Failed,0,0,1,0.000000,0.000000
CODEC-270,ReInFix,Not Fixed,0,0,2,0.000000,0.000000
CVE-2015-2156,ReInFix,Compilation Failed,0,0,1,0.000000,0.000000
CVE-2017-7957,ReInFix,Not Fixed,0,0,3,0.000000,0.000000
CVE-2018-1000632,ReInFix,Compilation Failed,0,0,1,0.000000,0.000000
CVE-2018-1002201,ReInFix,Not Fixed,0,0,2,0.000000,0.000000
CVE-2018-1002202,ReInFix,Fixed,1,0,1,0.000000,1.000000
CVE-2018-1324,ReInFix,Not Fixed,0,0,1,0.000000,0.000000
CVE-2018-15756,ReInFix,Fixed,1,1,1,1.000000,0.000000
CVE-2019-10086,ReInFix,Fixed,1,0,1,0.000000,1.000000
CVE-2019-12415,ReInFix,Compilation Failed,0,0,2,0.000000,0.000000
CVE-2020-13956,ReInFix,Fixed,1,0,2,0.000000,1.000000
CVE-2020-26217,ReInFix,Fixed,1,2,2,1.000000,0.000000
CVE-2020-26258,ReInFix,Not Fixed,0,0,1,0.000000,0.000000
CVE-2021-21341,ReInFix,Compilation Failed,0,0,2,0.000000,0.000000
CVE-2021-23899,ReInFix,Compilation Failed,0,0,2,0.000000,0.000000
CVE-2021-23900,ReInFix,Not Fixed,0,0,1,0.000000,0.000000
CVE-2021-27568,ReInFix,Not Fixed,0,0,1,0.000000,0.000000
CVE-2021-29425,ReInFix,Not Fixed,0,1,1,1.000000,-1.000000
CVE-2021-31812,ReInFix,Not Fixed,0,2,2,1.000000,-1.000000
CVE-2021-35516,ReInFix,Not Fixed,0,1,1,1.000000,-1.000000
CVE-2021-37714,ReInFix,Not Fixed,0,1,2,0.500000,-0.500000
CVE-2021-39144,ReInFix,Fixed,1,2,2,1.000000,0.000000
CVE-2021-43859,ReInFix,Compilation Failed,0,0,1,0.000000,0.000000
CVE-2022-22976,ReInFix,Fixed,1,0,2,0.000000,1.000000
CVE-2022-25845,ReInFix,Not Fixed,0,0,2,0.000000,0.000000
CVE-2022-29631,ReInFix,Not Fixed,0,0,1,0.000000,0.000000
CVE-2022-41966,ReInFix,Compilation Failed,0,0,2,0.000000,0.000000
CVE-2022-42004,ReInFix,Not Fixed,0,0,2,0.000000,0.000000
CVE-2022-42889,ReInFix,Compilation Failed,0,1,1,1.000000,-1.000000
CVE-2022-45688,ReInFix,Fixed,1,0,2,0.000000,1.000000
CVE-2023-1370,ReInFix,Compilation Failed,0,1,2,0.500000,-0.500000
CVE-2023-34453,ReInFix,Not Fixed,0,1,1,1.000000,-1.000000
CVE-2023-43642,ReInFix,Compilation Failed,0,0,1,0.000000,0.000000
IO-611,ReInFix,Not Fixed,0,0,2,0.000000,0.000000
LANG-1385,ReInFix,Fixed,1,0,2,0.000000,1.000000
LANG-1484,ReInFix,Fixed,1,0,1,0.000000,1.000000
LANG-1645,ReInFix,Fixed,1,1,2,0.500000,0.500000
TEXT-215,ReInFix,Fixed,1,1,2,0.500000,0.500000
ZIP4J-263,ReInFix,Compilation Failed,0,0,2,0.000000,0.000000
CODEC-263,RepairAgent,Not Fixed,0,0,1,0.000000,0.000000
CODEC-270,RepairAgent,No Patch,0,0,2,0.000000,0.000000
CVE-2015-2156,RepairAgent,Compilation Failed,0,0,1,0.000000,0.000000
CVE-2017-7957,RepairAgent,Not Fixed,0,0,3,0.000000,0.000000
CVE-2018-1000632,RepairAgent,Compilation Failed,0,0,1,0.000000,0.000000
CVE-2018-1002201,RepairAgent,No Patch,0,0,2,0.000000,0.000000
CVE-2018-1002202,RepairAgent,Compilation Failed,0,0,1,0.000000,0.000000
CVE-2018-1324,RepairAgent,No Patch,0,1,1,1.000000,-1.000000
CVE-2018-15756,RepairAgent,Compilation Failed,0,0,1,0.000000,0.000000
CVE-2019-10086,RepairAgent,No Patch,0,0,1,0.000000,0.000000
CVE-2019-12415,RepairAgent,Compilation Failed,0,2,2,1.000000,-1.000000
CVE-2020-13956,RepairAgent,Compilation Failed,0,0,2,0.000000,0.000000
CVE-2020-26217,RepairAgent,Fixed,1,1,2,0.500000,0.500000
CVE-2020-26258,RepairAgent,Not Fixed,0,1,1,1.000000,-1.000000
CVE-2021-21341,RepairAgent,Fixed,1,1,2,0.500000,0.500000
CVE-2021-23899,RepairAgent,Compilation Failed,0,0,2,0.000000,0.000000
CVE-2021-23900,RepairAgent,Compilation Failed,0,1,1,1.000000,-1.000000
CVE-2021-27568,RepairAgent,Not Fixed,0,1,1,1.000000,-1.000000
CVE-2021-29425,RepairAgent,Fixed,1,1,1,1.000000,0.000000
CVE-2021-31812,RepairAgent,Not Fixed,0,2,2,1.000000,-1.000000
CVE-2021-35516,RepairAgent,Compilation Failed,0,1,1,1.000000,-1.000000
CVE-2021-37714,RepairAgent,Compilation Failed,0,1,2,0.500000,-0.500000
CVE-2021-39144,RepairAgent,Fixed,1,1,2,0.500000,0.500000
CVE-2021-43859,RepairAgent,Compilation Failed,0,0,1,0.000000,0.000000
CVE-2022-22976,RepairAgent,Compilation Failed,0,0,2,0.000000,0.000000
CVE-2022-25845,RepairAgent,Not Fixed,0,0,2,0.000000,0.000000
CVE-2022-29631,RepairAgent,Compilation Failed,0,0,1,0.000000,0.000000
CVE-2022-41966,RepairAgent,Compilation Failed,0,1,2,0.500000,-0.500000
CVE-2022-42004,RepairAgent,Not Fixed,0,0,2,0.000000,0.000000
CVE-2022-42889,RepairAgent,Compilation Failed,0,1,1,1.000000,-1.000000
CVE-2022-45688,RepairAgent,Fixed,1,0,2,0.000000,1.000000
CVE-2023-1370,RepairAgent,Not Fixed,0,0,2,0.000000,0.000000
CVE-2023-34453,RepairAgent,Not Fixed,0,0,1,0.000000,0.000000
CVE-2023-43642,RepairAgent,Not Fixed,0,0,1,0.000000,0.000000
IO-611,RepairAgent,Fixed,1,0,2,0.000000,1.000000
LANG-1385,RepairAgent,Not Fixed,0,0,2,0.000000,0.000000
LANG-1484,RepairAgent,Not Fixed,0,0,1,0.000000,0.000000
LANG-1645,RepairAgent,Not Fixed,0,0,2,0.000000,0.000000
TEXT-215,RepairAgent,Compilation Failed,0,0,2,0.000000,0.000000
ZIP4J-263,RepairAgent,Not Fixed,0,0,2,0.000000,0.000000
CODEC-263,San2Patch,Fixed,1,0,1,0.000000,1.000000
CODEC-270,San2Patch,Not Fixed,0,1,2,0.500000,-0.500000
CVE-2015-2156,San2Patch,Not Fixed,0,0,1,0.000000,0.000000
CVE-2017-7957,San2Patch,Not Fixed,0,1,3,0.333333,-0.333333
CVE-2018-1000632,San2Patch,Not Fixed,0,0,1,0.000000,0.000000
CVE-2018-1002201,San2Patch,Not Fixed,0,1,2,0.500000,-0.500000
CVE-2018-1002202,San2Patch,Fixed,1,0,1,0.000000,1.000000
CVE-2018-1324,San2Patch,Not Fixed,0,0,1,0.000000,0.000000
CVE-2018-15756,San2Patch,Not Fixed,0,0,1,0.000000,0.000000
CVE-2019-10086,San2Patch,Fixed,1,0,1,0.000000,1.000000
CVE-2019-12415,San2Patch,Compilation Failed,0,1,2,0.500000,-0.500000
CVE-2020-13956,San2Patch,Fixed,1,0,2,0.000000,1.000000
CVE-2020-26217,San2Patch,Not Fixed,0,1,2,0.500000,-0.500000
CVE-2020-26258,San2Patch,Not Fixed,0,0,1,0.000000,0.000000
CVE-2021-21341,San2Patch,Compilation Failed,0,0,2,0.000000,0.000000
CVE-2021-23899,San2Patch,Not Fixed,0,0,2,0.000000,0.000000
CVE-2021-23900,San2Patch,Not Fixed,0,0,1,0.000000,0.000000
CVE-2021-27568,San2Patch,Compilation Failed,0,1,1,1.000000,-1.000000
CVE-2021-29425,San2Patch,Not Fixed,0,1,1,1.000000,-1.000000
CVE-2021-31812,San2Patch,Not Fixed,0,2,2,1.000000,-1.000000
CVE-2021-35516,San2Patch,Not Fixed,0,0,1,0.000000,0.000000
CVE-2021-37714,San2Patch,Not Fixed,0,0,2,0.000000,0.000000
CVE-2021-39144,San2Patch,Fixed,1,1,2,0.500000,0.500000
CVE-2021-43859,San2Patch,Compilation Failed,0,0,1,0.000000,0.000000
CVE-2022-22976,San2Patch,Not Fixed,0,0,2,0.000000,0.000000
CVE-2022-25845,San2Patch,Not Fixed,0,0,2,0.000000,0.000000
CVE-2022-29631,San2Patch,Not Fixed,0,1,1,1.000000,-1.000000
CVE-2022-41966,San2Patch,Compilation Failed,0,1,2,0.500000,-0.500000
CVE-2022-42004,San2Patch,Not Fixed,0,1,2,0.500000,-0.500000
CVE-2022-42889,San2Patch,Fixed,1,1,1,1.000000,0.000000
CVE-2022-45688,San2Patch,Not Fixed,0,1,2,0.500000,-0.500000
CVE-2023-1370,San2Patch,Compilation Failed,0,1,2,0.500000,-0.500000
CVE-2023-34453,San2Patch,Not Fixed,0,1,1,1.000000,-1.000000
CVE-2023-43642,San2Patch,Compilation Failed,0,0,1,0.000000,0.000000
IO-611,San2Patch,Fixed,1,2,2,1.000000,0.000000
LANG-1385,San2Patch,Fixed,1,1,2,0.500000,0.500000
LANG-1484,San2Patch,Fixed,1,0,1,0.000000,1.000000
LANG-1645,San2Patch,Not Fixed,0,0,2,0.000000,0.000000
TEXT-215,San2Patch,Fixed,1,0,2,0.000000,1.000000
ZIP4J-263,San2Patch,Compilation Failed,0,1,2,0.500000,-0.500000
CODEC-263,SWE-agent,Fixed,1,0,1,0.000000,1.000000
CODEC-270,SWE-agent,Fixed,1,0,2,0.000000,1.000000
CVE-2015-2156,SWE-agent,Compilation Failed,0,0,1,0.000000,0.000000
CVE-2017-7957,SWE-agent,Not Fixed,0,1,3,0.333333,-0.333333
CVE-2018-1000632,SWE-agent,Not Fixed,0,1,1,1.000000,-1.000000
CVE-2018-1002201,SWE-agent,Not Fixed,0,2,2,1.000000,-1.000000
CVE-2018-1002202,SWE-agent,Fixed,1,0,1,0.000000,1.000000
CVE-2018-1324,SWE-agent,Not Fixed,0,1,1,1.000000,-1.000000
CVE-2018-15756,SWE-agent,Fixed,1,1,1,1.000000,0.000000
CVE-2019-10086,SWE-agent,Fixed,1,1,1,1.000000,0.000000
CVE-2019-12415,SWE-agent,Not Fixed,0,2,2,1.000000,-1.000000
CVE-2020-13956,SWE-agent,Fixed,1,1,2,0.500000,0.500000
CVE-2020-26217,SWE-agent,Not Fixed,0,2,2,1.000000,-1.000000
CVE-2020-26258,SWE-agent,Not Fixed,0,1,1,1.000000,-1.000000
CVE-2021-21341,SWE-agent,Not Fixed,0,2,2,1.000000,-1.000000
CVE-2021-23899,SWE-agent,Not Fixed,0,0,2,0.000000,0.000000
CVE-2021-23900,SWE-agent,Not Fixed,0,0,1,0.000000,0.000000
CVE-2021-27568,SWE-agent,Fixed,1,0,1,0.000000,1.000000
CVE-2021-29425,SWE-agent,Not Fixed,0,1,1,1.000000,-1.000000
CVE-2021-31812,SWE-agent,Compilation Failed,0,2,2,1.000000,-1.000000
CVE-2021-35516,SWE-agent,Not Fixed,0,0,1,0.000000,0.000000
CVE-2021-37714,SWE-agent,Not Fixed,0,2,2,1.000000,-1.000000
CVE-2021-39144,SWE-agent,Fixed,1,1,2,0.500000,0.500000
CVE-2021-43859,SWE-agent,Not Fixed,0,0,1,0.000000,0.000000
CVE-2022-22976,SWE-agent,Fixed,1,0,2,0.000000,1.000000
CVE-2022-25845,SWE-agent,Not Fixed,0,1,2,0.500000,-0.500000
CVE-2022-29631,SWE-agent,Not Fixed,0,0,1,0.000000,0.000000
CVE-2022-41966,SWE-agent,Not Fixed,0,0,2,0.000000,0.000000
CVE-2022-42004,SWE-agent,Not Fixed,0,0,2,0.000000,0.000000
CVE-2022-42889,SWE-agent,Fixed,1,1,1,1.000000,0.000000
CVE-2022-45688,SWE-agent,Fixed,1,2,2,1.000000,0.000000
CVE-2023-1370,SWE-agent,Fixed,1,1,2,0.500000,0.500000
CVE-2023-34453,SWE-agent,Not Fixed,0,1,1,1.000000,-1.000000
CVE-2023-43642,SWE-agent,Not Fixed,0,0,1,0.000000,0.000000
IO-611,SWE-agent,Not Fixed,0,1,2,0.500000,-0.500000
LANG-1385,SWE-agent,Fixed,1,2,2,1.000000,0.000000
LANG-1484,SWE-agent,Fixed,1,1,1,1.000000,0.000000
LANG-1645,SWE-agent,Not Fixed,0,2,2,1.000000,-1.000000
TEXT-215,SWE-agent,Fixed,1,0,2,0.000000,1.000000
ZIP4J-263,SWE-agent,Not Fixed,0,0,2,0.000000,0.000000
