category,category_name,tools,cve,upstream_all_tools_fixed,downstream_all_tools_all_projects_fixed,state
SE,通用软件工程工具,SWE-agent;OpenHands,CODEC-263,1,0,仅上游类别全工具成功
SE,通用软件工程工具,SWE-agent;OpenHands,CODEC-270,1,0,仅上游类别全工具成功
SE,通用软件工程工具,SWE-agent;OpenHands,CVE-2015-2156,0,0,上下游均未达到类别全工具成功
SE,通用软件工程工具,SWE-agent;OpenHands,CVE-2017-7957,0,0,上下游均未达到类别全工具成功
SE,通用软件工程工具,SWE-agent;OpenHands,CVE-2018-1000632,0,1,仅下游类别全工具成功
SE,通用软件工程工具,SWE-agent;OpenHands,CVE-2018-1002201,0,1,仅下游类别全工具成功
SE,通用软件工程工具,SWE-agent;OpenHands,CVE-2018-1002202,1,0,仅上游类别全工具成功
SE,通用软件工程工具,SWE-agent;OpenHands,CVE-2018-1324,0,1,仅下游类别全工具成功
SE,通用软件工程工具,SWE-agent;OpenHands,CVE-2018-15756,1,0,仅上游类别全工具成功
SE,通用软件工程工具,SWE-agent;OpenHands,CVE-2019-10086,1,1,上下游均为类别全工具成功
SE,通用软件工程工具,SWE-agent;OpenHands,CVE-2019-12415,0,0,上下游均未达到类别全工具成功
SE,通用软件工程工具,SWE-agent;OpenHands,CVE-2020-13956,0,0,上下游均未达到类别全工具成功
SE,通用软件工程工具,SWE-agent;OpenHands,CVE-2020-26217,0,1,仅下游类别全工具成功
SE,通用软件工程工具,SWE-agent;OpenHands,CVE-2020-26258,0,1,仅下游类别全工具成功
SE,通用软件工程工具,SWE-agent;OpenHands,CVE-2021-21341,0,1,仅下游类别全工具成功
SE,通用软件工程工具,SWE-agent;OpenHands,CVE-2021-23899,0,0,上下游均未达到类别全工具成功
SE,通用软件工程工具,SWE-agent;OpenHands,CVE-2021-23900,0,0,上下游均未达到类别全工具成功
SE,通用软件工程工具,SWE-agent;OpenHands,CVE-2021-27568,1,0,仅上游类别全工具成功
SE,通用软件工程工具,SWE-agent;OpenHands,CVE-2021-29425,0,1,仅下游类别全工具成功
SE,通用软件工程工具,SWE-agent;OpenHands,CVE-2021-31812,0,1,仅下游类别全工具成功
SE,通用软件工程工具,SWE-agent;OpenHands,CVE-2021-35516,0,0,上下游均未达到类别全工具成功
SE,通用软件工程工具,SWE-agent;OpenHands,CVE-2021-37714,0,1,仅下游类别全工具成功
SE,通用软件工程工具,SWE-agent;OpenHands,CVE-2021-39144,1,0,仅上游类别全工具成功
SE,通用软件工程工具,SWE-agent;OpenHands,CVE-2021-43859,0,0,上下游均未达到类别全工具成功
SE,通用软件工程工具,SWE-agent;OpenHands,CVE-2022-22976,1,0,仅上游类别全工具成功
SE,通用软件工程工具,SWE-agent;OpenHands,CVE-2022-25845,0,0,上下游均未达到类别全工具成功
SE,通用软件工程工具,SWE-agent;OpenHands,CVE-2022-29631,0,0,上下游均未达到类别全工具成功
SE,通用软件工程工具,SWE-agent;OpenHands,CVE-2022-41966,0,0,上下游均未达到类别全工具成功
SE,通用软件工程工具,SWE-agent;OpenHands,CVE-2022-42004,0,0,上下游均未达到类别全工具成功
SE,通用软件工程工具,SWE-agent;OpenHands,CVE-2022-42889,1,1,上下游均为类别全工具成功
SE,通用软件工程工具,SWE-agent;OpenHands,CVE-2022-45688,1,1,上下游均为类别全工具成功
SE,通用软件工程工具,SWE-agent;OpenHands,CVE-2023-1370,1,0,仅上游类别全工具成功
SE,通用软件工程工具,SWE-agent;OpenHands,CVE-2023-34453,0,1,仅下游类别全工具成功
SE,通用软件工程工具,SWE-agent;OpenHands,CVE-2023-43642,0,0,上下游均未达到类别全工具成功
SE,通用软件工程工具,SWE-agent;OpenHands,IO-611,0,0,上下游均未达到类别全工具成功
SE,通用软件工程工具,SWE-agent;OpenHands,LANG-1385,1,1,上下游均为类别全工具成功
SE,通用软件工程工具,SWE-agent;OpenHands,LANG-1484,1,0,仅上游类别全工具成功
SE,通用软件工程工具,SWE-agent;OpenHands,LANG-1645,0,1,仅下游类别全工具成功
SE,通用软件工程工具,SWE-agent;OpenHands,TEXT-215,1,0,仅上游类别全工具成功
SE,通用软件工程工具,SWE-agent;OpenHands,ZIP4J-263,0,0,上下游均未达到类别全工具成功
AVR,自动漏洞修复工具,San2Patch;PatchAgent;Appatch,CODEC-263,1,0,仅上游类别全工具成功
AVR,自动漏洞修复工具,San2Patch;PatchAgent;Appatch,CODEC-270,0,0,上下游均未达到类别全工具成功
AVR,自动漏洞修复工具,San2Patch;PatchAgent;Appatch,CVE-2015-2156,0,0,上下游均未达到类别全工具成功
AVR,自动漏洞修复工具,San2Patch;PatchAgent;Appatch,CVE-2017-7957,0,0,上下游均未达到类别全工具成功
AVR,自动漏洞修复工具,San2Patch;PatchAgent;Appatch,CVE-2018-1000632,0,0,上下游均未达到类别全工具成功
AVR,自动漏洞修复工具,San2Patch;PatchAgent;Appatch,CVE-2018-1002201,0,0,上下游均未达到类别全工具成功
AVR,自动漏洞修复工具,San2Patch;PatchAgent;Appatch,CVE-2018-1002202,1,0,仅上游类别全工具成功
AVR,自动漏洞修复工具,San2Patch;PatchAgent;Appatch,CVE-2018-1324,0,0,上下游均未达到类别全工具成功
AVR,自动漏洞修复工具,San2Patch;PatchAgent;Appatch,CVE-2018-15756,0,0,上下游均未达到类别全工具成功
AVR,自动漏洞修复工具,San2Patch;PatchAgent;Appatch,CVE-2019-10086,1,0,仅上游类别全工具成功
AVR,自动漏洞修复工具,San2Patch;PatchAgent;Appatch,CVE-2019-12415,0,0,上下游均未达到类别全工具成功
AVR,自动漏洞修复工具,San2Patch;PatchAgent;Appatch,CVE-2020-13956,1,0,仅上游类别全工具成功
AVR,自动漏洞修复工具,San2Patch;PatchAgent;Appatch,CVE-2020-26217,0,0,上下游均未达到类别全工具成功
AVR,自动漏洞修复工具,San2Patch;PatchAgent;Appatch,CVE-2020-26258,0,0,上下游均未达到类别全工具成功
AVR,自动漏洞修复工具,San2Patch;PatchAgent;Appatch,CVE-2021-21341,0,0,上下游均未达到类别全工具成功
AVR,自动漏洞修复工具,San2Patch;PatchAgent;Appatch,CVE-2021-23899,0,0,上下游均未达到类别全工具成功
AVR,自动漏洞修复工具,San2Patch;PatchAgent;Appatch,CVE-2021-23900,0,0,上下游均未达到类别全工具成功
AVR,自动漏洞修复工具,San2Patch;PatchAgent;Appatch,CVE-2021-27568,0,0,上下游均未达到类别全工具成功
AVR,自动漏洞修复工具,San2Patch;PatchAgent;Appatch,CVE-2021-29425,0,0,上下游均未达到类别全工具成功
AVR,自动漏洞修复工具,San2Patch;PatchAgent;Appatch,CVE-2021-31812,0,0,上下游均未达到类别全工具成功
AVR,自动漏洞修复工具,San2Patch;PatchAgent;Appatch,CVE-2021-35516,0,0,上下游均未达到类别全工具成功
AVR,自动漏洞修复工具,San2Patch;PatchAgent;Appatch,CVE-2021-37714,0,0,上下游均未达到类别全工具成功
AVR,自动漏洞修复工具,San2Patch;PatchAgent;Appatch,CVE-2021-39144,0,0,上下游均未达到类别全工具成功
AVR,自动漏洞修复工具,San2Patch;PatchAgent;Appatch,CVE-2021-43859,0,0,上下游均未达到类别全工具成功
AVR,自动漏洞修复工具,San2Patch;PatchAgent;Appatch,CVE-2022-22976,0,0,上下游均未达到类别全工具成功
AVR,自动漏洞修复工具,San2Patch;PatchAgent;Appatch,CVE-2022-25845,0,0,上下游均未达到类别全工具成功
AVR,自动漏洞修复工具,San2Patch;PatchAgent;Appatch,CVE-2022-29631,0,0,上下游均未达到类别全工具成功
AVR,自动漏洞修复工具,San2Patch;PatchAgent;Appatch,CVE-2022-41966,0,0,上下游均未达到类别全工具成功
AVR,自动漏洞修复工具,San2Patch;PatchAgent;Appatch,CVE-2022-42004,0,0,上下游均未达到类别全工具成功
AVR,自动漏洞修复工具,San2Patch;PatchAgent;Appatch,CVE-2022-42889,1,0,仅上游类别全工具成功
AVR,自动漏洞修复工具,San2Patch;PatchAgent;Appatch,CVE-2022-45688,0,0,上下游均未达到类别全工具成功
AVR,自动漏洞修复工具,San2Patch;PatchAgent;Appatch,CVE-2023-1370,0,0,上下游均未达到类别全工具成功
AVR,自动漏洞修复工具,San2Patch;PatchAgent;Appatch,CVE-2023-34453,0,0,上下游均未达到类别全工具成功
AVR,自动漏洞修复工具,San2Patch;PatchAgent;Appatch,CVE-2023-43642,0,0,上下游均未达到类别全工具成功
AVR,自动漏洞修复工具,San2Patch;PatchAgent;Appatch,IO-611,0,0,上下游均未达到类别全工具成功
AVR,自动漏洞修复工具,San2Patch;PatchAgent;Appatch,LANG-1385,1,0,仅上游类别全工具成功
AVR,自动漏洞修复工具,San2Patch;PatchAgent;Appatch,LANG-1484,0,0,上下游均未达到类别全工具成功
AVR,自动漏洞修复工具,San2Patch;PatchAgent;Appatch,LANG-1645,0,0,上下游均未达到类别全工具成功
AVR,自动漏洞修复工具,San2Patch;PatchAgent;Appatch,TEXT-215,1,0,仅上游类别全工具成功
AVR,自动漏洞修复工具,San2Patch;PatchAgent;Appatch,ZIP4J-263,0,0,上下游均未达到类别全工具成功
APR,自动程序修复工具,Agentless;RepairAgent;PreMM;ReInFix,CODEC-263,0,0,上下游均未达到类别全工具成功
APR,自动程序修复工具,Agentless;RepairAgent;PreMM;ReInFix,CODEC-270,0,0,上下游均未达到类别全工具成功
APR,自动程序修复工具,Agentless;RepairAgent;PreMM;ReInFix,CVE-2015-2156,0,0,上下游均未达到类别全工具成功
APR,自动程序修复工具,Agentless;RepairAgent;PreMM;ReInFix,CVE-2017-7957,0,0,上下游均未达到类别全工具成功
APR,自动程序修复工具,Agentless;RepairAgent;PreMM;ReInFix,CVE-2018-1000632,0,0,上下游均未达到类别全工具成功
APR,自动程序修复工具,Agentless;RepairAgent;PreMM;ReInFix,CVE-2018-1002201,0,0,上下游均未达到类别全工具成功
APR,自动程序修复工具,Agentless;RepairAgent;PreMM;ReInFix,CVE-2018-1002202,0,0,上下游均未达到类别全工具成功
APR,自动程序修复工具,Agentless;RepairAgent;PreMM;ReInFix,CVE-2018-1324,0,0,上下游均未达到类别全工具成功
APR,自动程序修复工具,Agentless;RepairAgent;PreMM;ReInFix,CVE-2018-15756,0,0,上下游均未达到类别全工具成功
APR,自动程序修复工具,Agentless;RepairAgent;PreMM;ReInFix,CVE-2019-10086,0,0,上下游均未达到类别全工具成功
APR,自动程序修复工具,Agentless;RepairAgent;PreMM;ReInFix,CVE-2019-12415,0,0,上下游均未达到类别全工具成功
APR,自动程序修复工具,Agentless;RepairAgent;PreMM;ReInFix,CVE-2020-13956,0,0,上下游均未达到类别全工具成功
APR,自动程序修复工具,Agentless;RepairAgent;PreMM;ReInFix,CVE-2020-26217,0,0,上下游均未达到类别全工具成功
APR,自动程序修复工具,Agentless;RepairAgent;PreMM;ReInFix,CVE-2020-26258,0,0,上下游均未达到类别全工具成功
APR,自动程序修复工具,Agentless;RepairAgent;PreMM;ReInFix,CVE-2021-21341,0,0,上下游均未达到类别全工具成功
APR,自动程序修复工具,Agentless;RepairAgent;PreMM;ReInFix,CVE-2021-23899,0,0,上下游均未达到类别全工具成功
APR,自动程序修复工具,Agentless;RepairAgent;PreMM;ReInFix,CVE-2021-23900,0,0,上下游均未达到类别全工具成功
APR,自动程序修复工具,Agentless;RepairAgent;PreMM;ReInFix,CVE-2021-27568,0,0,上下游均未达到类别全工具成功
APR,自动程序修复工具,Agentless;RepairAgent;PreMM;ReInFix,CVE-2021-29425,0,0,上下游均未达到类别全工具成功
APR,自动程序修复工具,Agentless;RepairAgent;PreMM;ReInFix,CVE-2021-31812,0,0,上下游均未达到类别全工具成功
APR,自动程序修复工具,Agentless;RepairAgent;PreMM;ReInFix,CVE-2021-35516,0,1,仅下游类别全工具成功
APR,自动程序修复工具,Agentless;RepairAgent;PreMM;ReInFix,CVE-2021-37714,0,0,上下游均未达到类别全工具成功
APR,自动程序修复工具,Agentless;RepairAgent;PreMM;ReInFix,CVE-2021-39144,0,0,上下游均未达到类别全工具成功
APR,自动程序修复工具,Agentless;RepairAgent;PreMM;ReInFix,CVE-2021-43859,0,0,上下游均未达到类别全工具成功
APR,自动程序修复工具,Agentless;RepairAgent;PreMM;ReInFix,CVE-2022-22976,0,0,上下游均未达到类别全工具成功
APR,自动程序修复工具,Agentless;RepairAgent;PreMM;ReInFix,CVE-2022-25845,0,0,上下游均未达到类别全工具成功
APR,自动程序修复工具,Agentless;RepairAgent;PreMM;ReInFix,CVE-2022-29631,0,0,上下游均未达到类别全工具成功
APR,自动程序修复工具,Agentless;RepairAgent;PreMM;ReInFix,CVE-2022-41966,0,0,上下游均未达到类别全工具成功
APR,自动程序修复工具,Agentless;RepairAgent;PreMM;ReInFix,CVE-2022-42004,0,0,上下游均未达到类别全工具成功
APR,自动程序修复工具,Agentless;RepairAgent;PreMM;ReInFix,CVE-2022-42889,0,0,上下游均未达到类别全工具成功
APR,自动程序修复工具,Agentless;RepairAgent;PreMM;ReInFix,CVE-2022-45688,0,0,上下游均未达到类别全工具成功
APR,自动程序修复工具,Agentless;RepairAgent;PreMM;ReInFix,CVE-2023-1370,0,0,上下游均未达到类别全工具成功
APR,自动程序修复工具,Agentless;RepairAgent;PreMM;ReInFix,CVE-2023-34453,0,0,上下游均未达到类别全工具成功
APR,自动程序修复工具,Agentless;RepairAgent;PreMM;ReInFix,CVE-2023-43642,0,0,上下游均未达到类别全工具成功
APR,自动程序修复工具,Agentless;RepairAgent;PreMM;ReInFix,IO-611,0,0,上下游均未达到类别全工具成功
APR,自动程序修复工具,Agentless;RepairAgent;PreMM;ReInFix,LANG-1385,0,0,上下游均未达到类别全工具成功
APR,自动程序修复工具,Agentless;RepairAgent;PreMM;ReInFix,LANG-1484,0,0,上下游均未达到类别全工具成功
APR,自动程序修复工具,Agentless;RepairAgent;PreMM;ReInFix,LANG-1645,0,0,上下游均未达到类别全工具成功
APR,自动程序修复工具,Agentless;RepairAgent;PreMM;ReInFix,TEXT-215,0,0,上下游均未达到类别全工具成功
APR,自动程序修复工具,Agentless;RepairAgent;PreMM;ReInFix,ZIP4J-263,0,0,上下游均未达到类别全工具成功
