method,target_id,original_repo_function_path_conclusion,manual_review_basis,conclusion,baseline_vuln_match_count,post_patch_vuln_match_count,per_case_report
agentless,CODEC-270_DBlog-master,localized_to_unrelated_function,"The PoC only calls PasswordUtil.encrypt/decrypt in blog-core; the patch changes CredentialsMatcher in blog-admin, which the test path never instantiates.",suspected_poc_support_function_localization_error,3,3,agentless__CODEC-270_DBlog-master.md
agentless,CVE-2017-7957_rpki-commons,localized_to_unrelated_function,"The PoC constructs ParentIdentitySerializer directly and calls deserialize; the patch changes ProvisioningCmsObjectParser, and the two are not on that call chain.",suspected_poc_support_function_localization_error,3,3,agentless__CVE-2017-7957_rpki-commons.md
agentless,CVE-2019-10086_bean-query,localized_to_poc_related_function,The PoC calls BeanPropertyMatcher.matches directly; this patch modifies BeanPropertyMatcher.,poc_validation_effective_not_a_localization_error,3,0,agentless__CVE-2019-10086_bean-query.md
agentless,CVE-2020-13956_wechat-ssm,localized_to_unrelated_function,"The PoC calls the static HTTP methods of HttpUtils directly; the patch only changes WeixinAuthController.calback, and the PoC never goes through the controller.",suspected_poc_support_function_localization_error,4,4,agentless__CVE-2020-13956_wechat-ssm.md
agentless,CVE-2021-23900_OmegaTester,localized_to_unrelated_function,"The PoC calls HarConverter.toMyRequest directly; the patch only changes ReqCtrl.importRequest, and the PoC never goes through the web controller.",not_verified,,,agentless__CVE-2021-23900_OmegaTester.md
agentless,CVE-2021-43859_rpki-commons,localized_to_unrelated_function,"The PoC calls ParentIdentitySerializer.deserialize directly; the patch changes ProvisioningCmsObjectParser, which belongs to a different provisioning payload path.",not_verified,,,agentless__CVE-2021-43859_rpki-commons.md
agentless,CVE-2023-43642_flow,localized_to_unrelated_function,"The PoC constructs SnappyCoder directly and calls wrapOut; the patch changes CompressStreamer, which the PoC never goes through.",suspected_poc_support_function_localization_error,5,5,agentless__CVE-2023-43642_flow.md
agentless,IO-611_FastJoin,localized_to_unrelated_function,"The PoC only constructs soj.util.FileReader; the patch changes TopologyArgs and FileWriter, neither of which is on FileReader's test call path.",not_verified,,,agentless__IO-611_FastJoin.md
appatch,CVE-2017-7957_rpki-commons,localized_to_unrelated_function,"The PoC uses ParentIdentitySerializer's own XStream initialization; the patch changes XStreamXmlSerializerBuilder, which that serializer construction path never calls.",not_verified,,,appatch__CVE-2017-7957_rpki-commons.md
appatch,CVE-2020-13956_wechat-ssm,localized_to_poc_related_function,The PoC calls the static HTTP methods of HttpUtils directly; this patch modifies HttpUtils.,not_verified,,,appatch__CVE-2020-13956_wechat-ssm.md
appatch,CVE-2021-43859_rpki-commons,localized_to_unrelated_function,"The PoC uses ParentIdentitySerializer; the patch changes payload paths such as PayloadParser and ProvisioningPayloadXmlSerializer, which do not take part in ParentIdentitySerializer.deserialize.",suspected_poc_support_function_localization_error,4,4,appatch__CVE-2021-43859_rpki-commons.md
openhands,CVE-2020-13956_wechat-ssm,localized_to_poc_related_function,The PoC calls the static HTTP methods of HttpUtils directly; this patch modifies HttpUtils.,suspected_poc_support_function_localization_error,4,4,openhands__CVE-2020-13956_wechat-ssm.md
patchagent,CVE-2020-13956_wechat-ssm,localized_to_poc_related_function,The PoC calls the static HTTP methods of HttpUtils directly; this patch modifies HttpUtils.,not_verified,,,patchagent__CVE-2020-13956_wechat-ssm.md
patchagent,CVE-2021-43859_rpki-commons,localized_to_poc_related_function,The PoC's ParentIdentitySerializer extends IdentitySerializer; this patch modifies the superclass's XStream initialization chain.,suspected_poc_support_function_localization_error,4,4,patchagent__CVE-2021-43859_rpki-commons.md
premm,CODEC-263_DBlog-master,localized_to_poc_related_function,"The PoC calls PasswordUtil directly; the patch also modifies PasswordUtil, which is the function under test.",not_verified,,,premm__CODEC-263_DBlog-master.md
premm,CODEC-270_BurpCrypto-master,localized_to_poc_related_function,"The PoC calls AesUtil directly; the patch also modifies AesUtil, which is the function under test.",not_verified,,,premm__CODEC-270_BurpCrypto-master.md
premm,CODEC-270_DBlog-master,localized_to_poc_related_function,"The PoC calls PasswordUtil directly; this patch modifies PasswordUtil, which is the function under test.",poc_validation_effective_not_a_localization_error,3,0,premm__CODEC-270_DBlog-master.md
premm,CVE-2015-2156_webbit,localized_to_poc_related_function,The PoC directly tests the cookie behaviour of HttpRequestWrapper; the patch also modifies HttpRequestWrapper.,not_verified,,,premm__CVE-2015-2156_webbit.md
premm,CVE-2018-1002201_elasticsearch-maven-plugin,localized_to_poc_related_function,The PoC calls ResolveElasticsearchStep via reflection; the patch also modifies that class.,poc_validation_effective_not_a_localization_error,3,0,premm__CVE-2018-1002201_elasticsearch-maven-plugin.md
premm,CVE-2019-10086_bean-query,localized_to_unrelated_function,"The PoC calls BeanPropertyMatcher.matches, which internally goes through DefaultNullValuePropertyValueGetter.getProperty; the patch changes PropertySelector, which the PoC neither constructs nor calls.",suspected_poc_support_function_localization_error,3,3,premm__CVE-2019-10086_bean-query.md
premm,CVE-2020-13956_crawler-jsoup-maven,localized_to_unrelated_function,"The PoC calls CSDNLoginApater.getText/getRedirectLocation/setCookieStore; the patch only modifies the login flow in main, which does not affect these methods under test.",suspected_poc_support_function_localization_error,2,2,premm__CVE-2020-13956_crawler-jsoup-maven.md
premm,CVE-2020-13956_wechat-ssm,localized_to_poc_related_function,The PoC calls the static HTTP methods of HttpUtils directly; this patch modifies HttpUtils.,not_verified,,,premm__CVE-2020-13956_wechat-ssm.md
premm,CVE-2021-23899_OmegaTester,localized_to_poc_related_function,The PoC calls HarConverter.toMyRequest directly; the patch also modifies that method.,suspected_poc_support_function_localization_error,2,2,premm__CVE-2021-23899_OmegaTester.md
premm,CVE-2021-23900_OmegaTester,localized_to_poc_related_function,The PoC calls HarConverter.toMyRequest directly; the patch also modifies that method.,poc_validation_effective_not_a_localization_error,4,0,premm__CVE-2021-23900_OmegaTester.md
premm,CVE-2022-29631_ucloud-java-sdk,localized_to_poc_related_function,"The PoC calls UFile.getFile, which calls HttpRequestUtil; this patch modifies that downstream HTTP request construction path.",poc_validation_effective_not_a_localization_error,1,0,premm__CVE-2022-29631_ucloud-java-sdk.md
reinfix,CODEC-263_DBlog-master,localized_to_poc_related_function,"The PoC calls PasswordUtil directly; the patch also modifies PasswordUtil, which is the function under test.",poc_validation_effective_not_a_localization_error,4,0,reinfix__CODEC-263_DBlog-master.md
reinfix,CODEC-270_BurpCrypto-master,localized_to_poc_related_function,"The PoC calls AesUtil directly; the patch also modifies AesUtil, which is the function under test.",not_verified,,,reinfix__CODEC-270_BurpCrypto-master.md
reinfix,CODEC-270_DBlog-master,localized_to_poc_related_function,"The PoC calls PasswordUtil directly; this patch modifies PasswordUtil, which is the function under test.",poc_validation_effective_not_a_localization_error,3,0,reinfix__CODEC-270_DBlog-master.md
reinfix,CVE-2015-2156_webbit,localized_to_poc_related_function,The PoC directly tests the cookie behaviour of HttpRequestWrapper; the patch also modifies HttpRequestWrapper.,not_verified,,,reinfix__CVE-2015-2156_webbit.md
reinfix,CVE-2018-1002201_elasticsearch-maven-plugin,localized_to_poc_related_function,The PoC calls ResolveElasticsearchStep via reflection; the patch also modifies that class.,poc_validation_effective_not_a_localization_error,3,0,reinfix__CVE-2018-1002201_elasticsearch-maven-plugin.md
reinfix,CVE-2019-10086_bean-query,localized_to_unrelated_function,"The PoC calls BeanPropertyMatcher.matches, which internally goes through DefaultNullValuePropertyValueGetter.getProperty; the patch changes PropertySelector, which the PoC neither constructs nor calls.",suspected_poc_support_function_localization_error,3,3,reinfix__CVE-2019-10086_bean-query.md
reinfix,CVE-2020-13956_crawler-jsoup-maven,localized_to_unrelated_function,"The PoC calls CSDNLoginApater.getText/getRedirectLocation/setCookieStore; the patch only modifies the login flow in main, which does not affect these methods under test.",not_verified,,,reinfix__CVE-2020-13956_crawler-jsoup-maven.md
reinfix,CVE-2020-13956_wechat-ssm,localized_to_poc_related_function,The PoC calls the static HTTP methods of HttpUtils directly; this patch modifies HttpUtils.,not_verified,,,reinfix__CVE-2020-13956_wechat-ssm.md
reinfix,CVE-2021-23899_OmegaTester,localized_to_poc_related_function,The PoC calls HarConverter.toMyRequest directly; the patch also modifies that method.,not_verified,,,reinfix__CVE-2021-23899_OmegaTester.md
reinfix,CVE-2021-23900_OmegaTester,localized_to_poc_related_function,The PoC calls HarConverter.toMyRequest directly; the patch also modifies that method.,poc_validation_effective_not_a_localization_error,4,0,reinfix__CVE-2021-23900_OmegaTester.md
reinfix,CVE-2022-29631_ucloud-java-sdk,localized_to_poc_related_function,"The PoC calls UFile.getFile, which calls HttpRequestUtil; this patch modifies that downstream HTTP request construction path.",not_verified,,,reinfix__CVE-2022-29631_ucloud-java-sdk.md
repairagent,CVE-2021-43859_rpki-commons,localized_to_poc_related_function,The PoC's ParentIdentitySerializer extends IdentitySerializer; this patch modifies the superclass's XStream initialization chain.,suspected_poc_support_function_localization_error,4,4,repairagent__CVE-2021-43859_rpki-commons.md
san2patch,CODEC-263_DBlog-master,localized_to_poc_related_function,"The PoC calls PasswordUtil directly; the patch also modifies PasswordUtil, which is the function under test.",poc_validation_effective_not_a_localization_error,4,0,san2patch__CODEC-263_DBlog-master.md
san2patch,CODEC-270_BurpCrypto-master,localized_to_poc_related_function,"The PoC calls AesUtil directly; the patch also modifies AesUtil, which is the function under test.",poc_validation_effective_not_a_localization_error,4,0,san2patch__CODEC-270_BurpCrypto-master.md
san2patch,CODEC-270_DBlog-master,localized_to_poc_related_function,"The PoC calls PasswordUtil directly; this patch modifies PasswordUtil, which is the function under test.",poc_validation_effective_not_a_localization_error,3,0,san2patch__CODEC-270_DBlog-master.md
san2patch,CVE-2015-2156_webbit,localized_to_poc_related_function,The PoC directly tests the cookie behaviour of HttpRequestWrapper; the patch also modifies HttpRequestWrapper.,poc_validation_effective_not_a_localization_error,1,0,san2patch__CVE-2015-2156_webbit.md
san2patch,CVE-2018-1002201_elasticsearch-maven-plugin,localized_to_poc_related_function,The PoC calls ResolveElasticsearchStep via reflection; the patch also modifies that class.,poc_validation_effective_not_a_localization_error,3,0,san2patch__CVE-2018-1002201_elasticsearch-maven-plugin.md
san2patch,CVE-2019-10086_bean-query,localized_to_unrelated_function,"The PoC calls BeanPropertyMatcher.matches, which internally goes through DefaultNullValuePropertyValueGetter.getProperty; the patch changes PropertySelector, which the PoC neither constructs nor calls.",suspected_poc_support_function_localization_error,3,3,san2patch__CVE-2019-10086_bean-query.md
san2patch,CVE-2020-13956_wechat-ssm,localized_to_poc_related_function,The PoC calls the static HTTP methods of HttpUtils directly; this patch modifies HttpUtils.,suspected_poc_support_function_localization_error,4,4,san2patch__CVE-2020-13956_wechat-ssm.md
san2patch,CVE-2021-23899_OmegaTester,localized_to_poc_related_function,The PoC calls HarConverter.toMyRequest directly; the patch also modifies that method.,suspected_poc_support_function_localization_error,2,2,san2patch__CVE-2021-23899_OmegaTester.md
san2patch,CVE-2021-23900_OmegaTester,localized_to_poc_related_function,The PoC calls HarConverter.toMyRequest directly; the patch also modifies that method.,poc_validation_effective_not_a_localization_error,4,0,san2patch__CVE-2021-23900_OmegaTester.md
san2patch,CVE-2022-29631_ucloud-java-sdk,localized_to_poc_related_function,"The PoC calls UFile.getFile, which calls HttpRequestUtil; this patch modifies that downstream HTTP request construction path.",poc_validation_effective_not_a_localization_error,1,0,san2patch__CVE-2022-29631_ucloud-java-sdk.md
sweagent,CVE-2020-13956_wechat-ssm,localized_to_poc_related_function,The PoC calls the static HTTP methods of HttpUtils directly; this patch modifies HttpUtils.,suspected_poc_support_function_localization_error,4,4,sweagent__CVE-2020-13956_wechat-ssm.md
sweagent,CVE-2021-43859_rpki-commons,localized_to_poc_related_function,The PoC's ParentIdentitySerializer extends IdentitySerializer; this patch modifies the superclass's XStream initialization chain.,suspected_poc_support_function_localization_error,4,4,sweagent__CVE-2021-43859_rpki-commons.md
sweagent,CVE-2022-29631_ucloud-java-sdk,localized_to_unrelated_function,"The PoC calls UFile.getFile, which uses HttpRequestUtil; the patch only adds SafeHttpRequestBuilder, a new class that the original repository never calls.",suspected_poc_support_function_localization_error,1,1,sweagent__CVE-2022-29631_ucloud-java-sdk.md
