方法,补丁文件,错误原因,生成补丁修改文件,baseline 修改文件
agentless,CODEC-270_DBlog-master.patch,生成补丁与 baseline 修改文件无交集,blog-admin/src/main/java/com/zyd/blog/core/shiro/credentials/CredentialsMatcher.java,blog-admin/src/main/java/com/zyd/blog/core/websocket/util/WebSocketUtil.java | blog-core/src/main/java/com/zyd/blog/util/AesUtil.java
agentless,CVE-2017-7957_rpki-commons.patch,生成补丁与 baseline 修改文件无交集,src/main/java/net/ripe/rpki/commons/provisioning/cms/ProvisioningCmsObjectParser.java,src/main/java/net/ripe/rpki/commons/provisioning/identity/ChildIdentitySerializer.java | src/main/java/net/ripe/rpki/commons/provisioning/identity/IdentitySerializer.java | src/main/java/net/ripe/rpki/commons/provisioning/identity/ParentIdentitySerializer.java | src/main/java/net/ripe/rpki/commons/xml/XStreamXmlInputSanitizer.java | src/main/java/net/ripe/rpki/commons/xml/XStreamXmlSerializer.java
agentless,CVE-2019-10086_bean-query.patch,生成补丁与 baseline 修改文件无交集,src/main/java/cn/jimmyshi/beanquery/BeanPropertyMatcher.java,src/main/java/cn/jimmyshi/beanquery/DefaultNullValuePropertyValueGetter.java
agentless,CVE-2020-13956_wechat-ssm.patch,生成补丁与 baseline 修改文件无交集,src/main/java/cn/qs/controller/weixin/WeixinAuthController.java,src/main/java/org/apache/http/client/utils/URIUtils.java
agentless,CVE-2021-23900_OmegaTester.patch,生成补丁与 baseline 修改文件无交集,src/main/java/com/haleywang/monitor/ctrl/v1/ReqCtrl.java,src/main/java/com/haleywang/monitor/utils/JsonUtils.java
agentless,CVE-2021-43859_rpki-commons.patch,生成补丁与 baseline 修改文件无交集,src/main/java/net/ripe/rpki/commons/provisioning/cms/ProvisioningCmsObjectParser.java,src/main/java/net/ripe/rpki/commons/provisioning/identity/ParentIdentitySerializer.java
agentless,CVE-2023-43642_flow.patch,生成补丁与 baseline 修改文件无交集,src/main/java/com/lithium/flow/streams/CompressStreamer.java,src/main/java/com/lithium/flow/compress/SnappyCoder.java
agentless,IO-611_FastJoin.patch,生成补丁与 baseline 修改文件无交集,src/main/java/soj/biclique/TopologyArgs.java | src/main/java/soj/util/FileWriter.java,src/main/java/soj/util/FileReader.java
appatch,CVE-2017-7957_rpki-commons.patch,生成补丁与 baseline 修改文件无交集,src/main/java/net/ripe/rpki/commons/xml/XStreamXmlSerializerBuilder.java,src/main/java/net/ripe/rpki/commons/provisioning/identity/ChildIdentitySerializer.java | src/main/java/net/ripe/rpki/commons/provisioning/identity/IdentitySerializer.java | src/main/java/net/ripe/rpki/commons/provisioning/identity/ParentIdentitySerializer.java | src/main/java/net/ripe/rpki/commons/xml/XStreamXmlInputSanitizer.java | src/main/java/net/ripe/rpki/commons/xml/XStreamXmlSerializer.java
appatch,CVE-2020-13956_wechat-ssm.patch,生成补丁与 baseline 修改文件无交集,src/main/java/cn/qs/utils/HttpUtils.java,src/main/java/org/apache/http/client/utils/URIUtils.java
appatch,CVE-2021-43859_rpki-commons.patch,生成补丁与 baseline 修改文件无交集,src/main/java/net/ripe/rpki/commons/provisioning/payload/PayloadParser.java | src/main/java/net/ripe/rpki/commons/provisioning/payload/ProvisioningPayloadXmlSerializer.java | src/main/java/net/ripe/rpki/commons/xml/XStreamXmlSerializer.java | src/main/java/net/ripe/rpki/commons/xml/XStreamXmlSerializerBuilder.java,src/main/java/net/ripe/rpki/commons/provisioning/identity/ParentIdentitySerializer.java
openhands,CVE-2020-13956_wechat-ssm.patch,生成补丁与 baseline 修改文件无交集,src/main/java/cn/qs/utils/HttpUtils.java,src/main/java/org/apache/http/client/utils/URIUtils.java
patchagent,CVE-2020-13956_wechat-ssm.patch,生成补丁与 baseline 修改文件无交集,src/main/java/cn/qs/utils/HttpUtils.java,src/main/java/org/apache/http/client/utils/URIUtils.java
patchagent,CVE-2021-43859_rpki-commons.patch,生成补丁与 baseline 修改文件无交集,src/main/java/net/ripe/rpki/commons/provisioning/identity/IdentitySerializer.java,src/main/java/net/ripe/rpki/commons/provisioning/identity/ParentIdentitySerializer.java
premm,CODEC-263_DBlog-master.patch,生成补丁与 baseline 修改文件无交集,blog-core/src/main/java/com/zyd/blog/util/PasswordUtil.java,blog-admin/src/main/java/com/zyd/blog/core/websocket/util/WebSocketUtil.java | blog-core/src/main/java/com/zyd/blog/util/AesUtil.java
premm,CODEC-270_BurpCrypto-master.patch,生成补丁与 baseline 修改文件无交集,src/main/java/burp/aes/AesUtil.java,src/main/java/burp/utils/Utils.java
premm,CODEC-270_DBlog-master.patch,生成补丁与 baseline 修改文件无交集,blog-core/src/main/java/com/zyd/blog/util/PasswordUtil.java,blog-admin/src/main/java/com/zyd/blog/core/websocket/util/WebSocketUtil.java | blog-core/src/main/java/com/zyd/blog/util/AesUtil.java
premm,CVE-2015-2156_webbit.patch,生成补丁与 baseline 修改文件无交集,src/main/java/org/webbitserver/wrapper/HttpRequestWrapper.java,src/main/java/org/webbitserver/helpers/InboundCookieParser.java
premm,CVE-2018-1002201_elasticsearch-maven-plugin.patch,生成补丁与 baseline 修改文件无交集,src/main/java/com/github/alexcojocaru/mojo/elasticsearch/v2/step/ResolveElasticsearchStep.java,src/main/java/com/github/alexcojocaru/mojo/elasticsearch/v2/util/ArchiveUtil.java
premm,CVE-2019-10086_bean-query.patch,生成补丁与 baseline 修改文件无交集,src/main/java/cn/jimmyshi/beanquery/selectors/PropertySelector.java,src/main/java/cn/jimmyshi/beanquery/DefaultNullValuePropertyValueGetter.java
premm,CVE-2020-13956_crawler-jsoup-maven.patch,生成补丁与 baseline 修改文件无交集,src/main/java/com/datacrawler/service/model/csdn/net/CSDNLoginApater.java,src/main/java/com/datacrawler/common/util/DownLoadUtil.java | src/main/java/com/datacrawler/common/util/HttpUtil.java
premm,CVE-2020-13956_wechat-ssm.patch,生成补丁与 baseline 修改文件无交集,src/main/java/cn/qs/utils/HttpUtils.java,src/main/java/org/apache/http/client/utils/URIUtils.java
premm,CVE-2021-23899_OmegaTester.patch,生成补丁与 baseline 修改文件无交集,src/main/java/com/haleywang/monitor/common/req/HarConverter.java,src/main/java/com/haleywang/monitor/utils/JsonUtils.java
premm,CVE-2021-23900_OmegaTester.patch,生成补丁与 baseline 修改文件无交集,src/main/java/com/haleywang/monitor/common/req/HarConverter.java,src/main/java/com/haleywang/monitor/utils/JsonUtils.java
premm,CVE-2022-29631_ucloud-java-sdk.patch,生成补丁与 baseline 修改文件无交集,src/main/java/com/xiaoleilu/ucloud/util/HttpRequestUtil.java,src/main/java/com/xiaoleilu/ucloud/ufile/UFile.java | src/main/java/com/xiaoleilu/ucloud/util/Config.java | src/main/java/com/xiaoleilu/ucloud/util/RequestSecurity.java | src/main/java/jodd/http/HttpRequest.java | src/main/java/jodd/http/HttpResponse.java
reinfix,CODEC-263_DBlog-master.patch,生成补丁与 baseline 修改文件无交集,blog-core/src/main/java/com/zyd/blog/util/PasswordUtil.java,blog-admin/src/main/java/com/zyd/blog/core/websocket/util/WebSocketUtil.java | blog-core/src/main/java/com/zyd/blog/util/AesUtil.java
reinfix,CODEC-270_BurpCrypto-master.patch,生成补丁与 baseline 修改文件无交集,src/main/java/burp/aes/AesUtil.java,src/main/java/burp/utils/Utils.java
reinfix,CODEC-270_DBlog-master.patch,生成补丁与 baseline 修改文件无交集,blog-core/src/main/java/com/zyd/blog/util/PasswordUtil.java,blog-admin/src/main/java/com/zyd/blog/core/websocket/util/WebSocketUtil.java | blog-core/src/main/java/com/zyd/blog/util/AesUtil.java
reinfix,CVE-2015-2156_webbit.patch,生成补丁与 baseline 修改文件无交集,src/main/java/org/webbitserver/wrapper/HttpRequestWrapper.java,src/main/java/org/webbitserver/helpers/InboundCookieParser.java
reinfix,CVE-2018-1002201_elasticsearch-maven-plugin.patch,生成补丁与 baseline 修改文件无交集,src/main/java/com/github/alexcojocaru/mojo/elasticsearch/v2/step/ResolveElasticsearchStep.java,src/main/java/com/github/alexcojocaru/mojo/elasticsearch/v2/util/ArchiveUtil.java
reinfix,CVE-2019-10086_bean-query.patch,生成补丁与 baseline 修改文件无交集,src/main/java/cn/jimmyshi/beanquery/selectors/PropertySelector.java,src/main/java/cn/jimmyshi/beanquery/DefaultNullValuePropertyValueGetter.java
reinfix,CVE-2020-13956_crawler-jsoup-maven.patch,生成补丁与 baseline 修改文件无交集,src/main/java/com/datacrawler/service/model/csdn/net/CSDNLoginApater.java,src/main/java/com/datacrawler/common/util/DownLoadUtil.java | src/main/java/com/datacrawler/common/util/HttpUtil.java
reinfix,CVE-2020-13956_wechat-ssm.patch,生成补丁与 baseline 修改文件无交集,src/main/java/cn/qs/utils/HttpUtils.java,src/main/java/org/apache/http/client/utils/URIUtils.java
reinfix,CVE-2021-23899_OmegaTester.patch,生成补丁与 baseline 修改文件无交集,src/main/java/com/haleywang/monitor/common/req/HarConverter.java,src/main/java/com/haleywang/monitor/utils/JsonUtils.java
reinfix,CVE-2021-23900_OmegaTester.patch,生成补丁与 baseline 修改文件无交集,src/main/java/com/haleywang/monitor/common/req/HarConverter.java,src/main/java/com/haleywang/monitor/utils/JsonUtils.java
reinfix,CVE-2022-29631_ucloud-java-sdk.patch,生成补丁与 baseline 修改文件无交集,src/main/java/com/xiaoleilu/ucloud/util/HttpRequestUtil.java,src/main/java/com/xiaoleilu/ucloud/ufile/UFile.java | src/main/java/com/xiaoleilu/ucloud/util/Config.java | src/main/java/com/xiaoleilu/ucloud/util/RequestSecurity.java | src/main/java/jodd/http/HttpRequest.java | src/main/java/jodd/http/HttpResponse.java
repairagent,CVE-2021-43859_rpki-commons.patch,生成补丁与 baseline 修改文件无交集,src/main/java/net/ripe/rpki/commons/provisioning/identity/IdentitySerializer.java | src/main/java/net/ripe/rpki/commons/xml/XStreamXmlSerializer.java,src/main/java/net/ripe/rpki/commons/provisioning/identity/ParentIdentitySerializer.java
san2patch,CODEC-263_DBlog-master.patch,生成补丁与 baseline 修改文件无交集,blog-core/src/main/java/com/zyd/blog/util/PasswordUtil.java,blog-admin/src/main/java/com/zyd/blog/core/websocket/util/WebSocketUtil.java | blog-core/src/main/java/com/zyd/blog/util/AesUtil.java
san2patch,CODEC-270_BurpCrypto-master.patch,生成补丁与 baseline 修改文件无交集,src/main/java/burp/aes/AesUtil.java,src/main/java/burp/utils/Utils.java
san2patch,CODEC-270_DBlog-master.patch,生成补丁与 baseline 修改文件无交集,blog-core/src/main/java/com/zyd/blog/util/PasswordUtil.java,blog-admin/src/main/java/com/zyd/blog/core/websocket/util/WebSocketUtil.java | blog-core/src/main/java/com/zyd/blog/util/AesUtil.java
san2patch,CVE-2015-2156_webbit.patch,生成补丁与 baseline 修改文件无交集,src/main/java/org/webbitserver/wrapper/HttpRequestWrapper.java,src/main/java/org/webbitserver/helpers/InboundCookieParser.java
san2patch,CVE-2018-1002201_elasticsearch-maven-plugin.patch,生成补丁与 baseline 修改文件无交集,src/main/java/com/github/alexcojocaru/mojo/elasticsearch/v2/step/ResolveElasticsearchStep.java,src/main/java/com/github/alexcojocaru/mojo/elasticsearch/v2/util/ArchiveUtil.java
san2patch,CVE-2019-10086_bean-query.patch,生成补丁与 baseline 修改文件无交集,src/main/java/cn/jimmyshi/beanquery/selectors/PropertySelector.java,src/main/java/cn/jimmyshi/beanquery/DefaultNullValuePropertyValueGetter.java
san2patch,CVE-2020-13956_wechat-ssm.patch,生成补丁与 baseline 修改文件无交集,src/main/java/cn/qs/utils/HttpUtils.java,src/main/java/org/apache/http/client/utils/URIUtils.java
san2patch,CVE-2021-23899_OmegaTester.patch,生成补丁与 baseline 修改文件无交集,src/main/java/com/haleywang/monitor/common/req/HarConverter.java,src/main/java/com/haleywang/monitor/utils/JsonUtils.java
san2patch,CVE-2021-23900_OmegaTester.patch,生成补丁与 baseline 修改文件无交集,src/main/java/com/haleywang/monitor/common/req/HarConverter.java,src/main/java/com/haleywang/monitor/utils/JsonUtils.java
san2patch,CVE-2022-29631_ucloud-java-sdk.patch,生成补丁与 baseline 修改文件无交集,src/main/java/com/xiaoleilu/ucloud/util/HttpRequestUtil.java,src/main/java/com/xiaoleilu/ucloud/ufile/UFile.java | src/main/java/com/xiaoleilu/ucloud/util/Config.java | src/main/java/com/xiaoleilu/ucloud/util/RequestSecurity.java | src/main/java/jodd/http/HttpRequest.java | src/main/java/jodd/http/HttpResponse.java
sweagent,CVE-2020-13956_wechat-ssm.patch,生成补丁与 baseline 修改文件无交集,src/main/java/cn/qs/utils/HttpUtils.java | src/main/java/cn/qs/utils/HttpUtilsAuthorityValidationHarness.java,src/main/java/org/apache/http/client/utils/URIUtils.java
sweagent,CVE-2021-43859_rpki-commons.patch,生成补丁与 baseline 修改文件无交集,src/main/java/net/ripe/rpki/commons/provisioning/identity/IdentitySerializer.java,src/main/java/net/ripe/rpki/commons/provisioning/identity/ParentIdentitySerializer.java
sweagent,CVE-2022-29631_ucloud-java-sdk.patch,生成补丁与 baseline 修改文件无交集,src/main/java/com/xiaoleilu/ucloud/util/SafeHttpRequestBuilder.java,src/main/java/com/xiaoleilu/ucloud/ufile/UFile.java | src/main/java/com/xiaoleilu/ucloud/util/Config.java | src/main/java/com/xiaoleilu/ucloud/util/RequestSecurity.java | src/main/java/jodd/http/HttpRequest.java | src/main/java/jodd/http/HttpResponse.java
