方法,target_id,PoC运行判定,baseline漏洞匹配数,补丁后漏洞匹配数,原仓库函数路径结论,逐条报告,人工复核依据
agentless,CODEC-270_DBlog-master,PoC匹配数未降低,3,3,真正定位到无关函数,agentless__CODEC-270_DBlog-master.md,PoC 只调用 `blog-core/PasswordUtil.encrypt/decrypt`；补丁改 `blog-admin/ShiroConfig` 的 rememberMe Cookie 配置，无调用关系。
agentless,CVE-2015-2156_webbit,PoC匹配数未降低,1,1,真正定位到无关函数,agentless__CVE-2015-2156_webbit.md,PoC 路径为 `HttpRequestWrapper.cookies() → StubHttpRequest.cookies() → InboundCookieParser.parse()`；补丁改的是响应对象/`CookieHeaderSanitizer`，不在该入站解析链。
agentless,CVE-2018-15756_mirage,PoC匹配数未降低,6,6,真正定位到无关函数,agentless__CVE-2018-15756_mirage.md,PoC 直接调用 `ResponseDelegate.getResp().file(...)`；补丁改启动类或 DSL 拦截/映射类，不在 ResponseDelegate 文件响应路径。
agentless,CVE-2021-23899_OmegaTester,PoC匹配数未降低,2,2,真正定位到无关函数,agentless__CVE-2021-23899_OmegaTester.md,PoC 直接调用 `JsonSanitizer.sanitize` 与 `HarConverter.toMyRequest`；补丁只改 `JavaExecScript`，不在这两条路径。
agentless,CVE-2021-43859_rpki-commons,PoC匹配数未降低,4,4,真正定位到无关函数,agentless__CVE-2021-43859_rpki-commons.md,PoC 使用 `ParentIdentitySerializer`（其父类为 `IdentitySerializer`）；补丁只改 `XStreamXmlSerializer` 或其 Builder，未被该 serializer 构造/deserialize 路径使用。
agentless,CVE-2022-22976_gerenciador-viagens,PoC匹配数未降低,7,7,真正定位到无关函数,agentless__CVE-2022-22976_gerenciador-viagens.md,PoC 直接调用 `SenhaUtils.senhaValida`；补丁改 `WebSecurityConfig` 的 PasswordEncoder Bean，测试路径未加载该 Bean。
agentless,CVE-2022-42889_java,PoC匹配数未降低,5,5,真正定位到无关函数,agentless__CVE-2022-42889_java.md,PoC 直接调用 `SearchController.search`；补丁改 `App`，未进入控制器搜索路径。
agentless,CVE-2023-34453_UltraPlaytime,PoC匹配数未降低,4,4,真正定位到无关函数,agentless__CVE-2023-34453_UltraPlaytime.md,PoC 直接构造并调用 `RewardsUtils`；补丁改插件主类及依赖下载管理类，未进入 RewardsUtils。
agentless,LANG-1385_wechat-ssm,PoC匹配数未降低,8,8,真正定位到无关函数,agentless__LANG-1385_wechat-ssm.md,PoC 直接调用 `MyNumberUtils`；补丁改 `AjaxExceptionHandler`，无调用关系。
agentless,LANG-1484_jjdz7-drony-refactor,PoC匹配数未降低,4,4,真正定位到无关函数,agentless__LANG-1484_jjdz7-drony-refactor.md,PoC 直接调用 `Validator`；补丁改 `IoTools`，无调用关系。
appatch,CVE-2017-7957_rpki-commons,未验证：补丁编译/执行异常,,,真正定位到无关函数,appatch__CVE-2017-7957_rpki-commons.md,PoC 调用 `ParentIdentitySerializer.deserialize`；补丁只改通用 `XStreamXmlSerializerBuilder`，而 ParentIdentitySerializer 自行在父类构造器中创建 XStream。
appatch,CVE-2019-12415_poi-examples,PoC匹配数未降低,7,7,真正定位到无关函数,appatch__CVE-2019-12415_poi-examples.md,PoC 直接调用 `CustomXMLMapping.main`；补丁改 `XLSX2CSV`，无调用关系。
appatch,CVE-2021-43859_rpki-commons,PoC匹配数未降低,4,4,真正定位到无关函数,appatch__CVE-2021-43859_rpki-commons.md,PoC 使用 `ParentIdentitySerializer`（其父类为 `IdentitySerializer`）；补丁只改 `XStreamXmlSerializer` 或其 Builder，未被该 serializer 构造/deserialize 路径使用。
appatch,CVE-2022-25845_base-starter,未验证：补丁编译/执行异常,,,真正定位到无关函数,appatch__CVE-2022-25845_base-starter.md,PoC 直接调用 `RequestUtils.readData`；补丁改 Spring 的 `FastjsonSafeModeConfiguration`，不在该直接解析调用链。
appatch,CVE-2022-25845_geek_framework,PoC匹配数未降低,1,1,真正定位到无关函数,appatch__CVE-2022-25845_geek_framework.md,PoC 直接调用 `JsonUtil.parse`；补丁改应用启动类 `Application`，测试不经过启动流程。
appatch,IO-611_velocity-engine,PoC匹配数未降低,4,4,真正定位到无关函数,appatch__IO-611_velocity-engine.md,PoC 直接调用 `FileResourceLoader`；补丁改 `EventHandlerUtil`，不在资源加载路径。
appatch,LANG-1385_ewallet,PoC匹配数未降低,5,5,真正定位到无关函数,appatch__LANG-1385_ewallet.md,PoC 直接调用 `NumberUtil`；补丁改 `MBUtil`/`NumberParser`，无调用关系。
openhands,CVE-2015-2156_webbit,PoC匹配数未降低,1,1,真正定位到无关函数,openhands__CVE-2015-2156_webbit.md,PoC 路径为 `HttpRequestWrapper.cookies() → StubHttpRequest.cookies() → InboundCookieParser.parse()`；补丁改的是响应对象/`CookieHeaderSanitizer`，不在该入站解析链。
openhands,CVE-2018-15756_mirage,PoC匹配数未降低,6,6,真正定位到无关函数,openhands__CVE-2018-15756_mirage.md,PoC 直接调用 `ResponseDelegate.getResp().file(...)`；补丁改启动类或 DSL 拦截/映射类，不在 ResponseDelegate 文件响应路径。
patchagent,CVE-2015-2156_webbit,PoC匹配数未降低,1,1,真正定位到无关函数,patchagent__CVE-2015-2156_webbit.md,PoC 路径为 `HttpRequestWrapper.cookies() → StubHttpRequest.cookies() → InboundCookieParser.parse()`；补丁改的是响应对象/`CookieHeaderSanitizer`，不在该入站解析链。
patchagent,CVE-2018-1002201_elasticsearch-maven-plugin,PoC匹配数未降低,3,3,真正定位到无关函数,patchagent__CVE-2018-1002201_elasticsearch-maven-plugin.md,PoC 反射调用 `ResolveElasticsearchStep.unpackToElasticsearchDirectory`；补丁改 `InstallPluginsStep`/`FilesystemUtil`，未进入该私有解压函数。
patchagent,CVE-2018-15756_mirage,PoC匹配数未降低,6,6,真正定位到无关函数,patchagent__CVE-2018-15756_mirage.md,PoC 直接调用 `ResponseDelegate.getResp().file(...)`；补丁改启动类或 DSL 拦截/映射类，不在 ResponseDelegate 文件响应路径。
patchagent,CVE-2021-43859_rpki-commons,PoC匹配数未降低,4,4,真正定位到无关函数,patchagent__CVE-2021-43859_rpki-commons.md,PoC 使用 `ParentIdentitySerializer`（其父类为 `IdentitySerializer`）；补丁只改 `XStreamXmlSerializer` 或其 Builder，未被该 serializer 构造/deserialize 路径使用。
patchagent,CVE-2022-45688_virtress,PoC匹配数未降低,4,4,真正定位到无关函数,patchagent__CVE-2022-45688_virtress.md,PoC 直接调用 `Converter.xmlToJson`；补丁改 `App`，无调用关系。
patchagent,CVE-2023-1370_microservice-with-jwt-and-microprofile,PoC匹配数未降低,4,4,真正定位到无关函数,patchagent__CVE-2023-1370_microservice-with-jwt-and-microprofile.md,PoC 直接调用 `TokenUtil.generateTokenString`；补丁改 `MoviesResource`，不在 TokenUtil 路径。
premm,CVE-2019-10086_bean-query,PoC匹配数未降低,3,3,真正定位到无关函数,premm__CVE-2019-10086_bean-query.md,PoC 仅经 `BeanPropertyMatcher.matches → DefaultNullValuePropertyValueGetter.getProperty` 解析 `class`；补丁改 `PropertySelector` 或 `ClassSelector`，两者未被调用。
premm,CVE-2020-13956_crawler-jsoup-maven,未验证：补丁编译/执行异常,,,真正定位到无关函数,premm__CVE-2020-13956_crawler-jsoup-maven.md,PoC 调用 `CSDNLoginApater.getText/getRedirectLocation/setCookieStore`；补丁只改 `CSDNLoginApater.main` 或无关的 `GrabUnits`，未触及这些方法。
reinfix,CVE-2019-10086_bean-query,未验证：补丁编译/执行异常,,,真正定位到无关函数,reinfix__CVE-2019-10086_bean-query.md,PoC 仅经 `BeanPropertyMatcher.matches → DefaultNullValuePropertyValueGetter.getProperty` 解析 `class`；补丁改 `PropertySelector` 或 `ClassSelector`，两者未被调用。
reinfix,CVE-2020-13956_crawler-jsoup-maven,未验证：补丁编译/执行异常,,,真正定位到无关函数,reinfix__CVE-2020-13956_crawler-jsoup-maven.md,PoC 调用 `CSDNLoginApater.getText/getRedirectLocation/setCookieStore`；补丁只改 `CSDNLoginApater.main` 或无关的 `GrabUnits`，未触及这些方法。
repairagent,CVE-2017-7957_rpki-commons,PoC匹配数未降低,3,3,真正定位到无关函数,repairagent__CVE-2017-7957_rpki-commons.md,PoC 调用 `ParentIdentitySerializer.deserialize`；补丁只改通用 `XStreamXmlSerializerBuilder`，而 ParentIdentitySerializer 自行在父类构造器中创建 XStream。
repairagent,CVE-2019-10086_bean-query,PoC匹配数未降低,3,3,真正定位到无关函数,repairagent__CVE-2019-10086_bean-query.md,PoC 仅经 `BeanPropertyMatcher.matches → DefaultNullValuePropertyValueGetter.getProperty` 解析 `class`；补丁改 `PropertySelector` 或 `ClassSelector`，两者未被调用。
repairagent,CVE-2020-13956_crawler-jsoup-maven,PoC匹配数未降低,2,2,真正定位到无关函数,repairagent__CVE-2020-13956_crawler-jsoup-maven.md,PoC 调用 `CSDNLoginApater.getText/getRedirectLocation/setCookieStore`；补丁只改 `CSDNLoginApater.main` 或无关的 `GrabUnits`，未触及这些方法。
repairagent,CVE-2021-35516_JavaUtils-master,PoC匹配数降低,5,0,真正定位到无关函数,repairagent__CVE-2021-35516_JavaUtils-master.md,PoC 直接调用 `ZipPwdUtil`；补丁改独立的 `AESUtil`，无调用关系。
repairagent,CVE-2021-43859_rpki-commons,PoC匹配数未降低,4,4,真正定位到无关函数,repairagent__CVE-2021-43859_rpki-commons.md,PoC 使用 `ParentIdentitySerializer`（其父类为 `IdentitySerializer`）；补丁只改 `XStreamXmlSerializer` 或其 Builder，未被该 serializer 构造/deserialize 路径使用。
repairagent,CVE-2022-22976_RuoYi-Vue-Multi-Tenant,PoC匹配数未降低,1,1,真正定位到无关函数,repairagent__CVE-2022-22976_RuoYi-Vue-Multi-Tenant.md,PoC 直接调用 `SecurityUtils.matchesPassword`；补丁改 Web 安全配置 `SecurityConfig`，PoC 不启动该配置链。
repairagent,CVE-2022-22976_gerenciador-viagens,PoC匹配数未降低,7,7,真正定位到无关函数,repairagent__CVE-2022-22976_gerenciador-viagens.md,PoC 直接调用 `SenhaUtils.senhaValida`；补丁改 `WebSecurityConfig` 的 PasswordEncoder Bean，测试路径未加载该 Bean。
repairagent,CVE-2022-25845_geek_framework,PoC匹配数未降低,1,1,真正定位到无关函数,repairagent__CVE-2022-25845_geek_framework.md,PoC 直接调用 `JsonUtil.parse`；补丁改应用启动类 `Application`，测试不经过启动流程。
repairagent,CVE-2022-45688_virtress,PoC匹配数未降低,4,4,真正定位到无关函数,repairagent__CVE-2022-45688_virtress.md,PoC 直接调用 `Converter.xmlToJson`；补丁改 `App`，无调用关系。
repairagent,IO-611_FastJoin,PoC匹配数未降低,4,4,真正定位到无关函数,repairagent__IO-611_FastJoin.md,PoC 仅构造/使用 `FileReader`；补丁改 `FileWriter`，无调用关系。
san2patch,CVE-2019-10086_bean-query,PoC匹配数未降低,3,3,真正定位到无关函数,san2patch__CVE-2019-10086_bean-query.md,PoC 仅经 `BeanPropertyMatcher.matches → DefaultNullValuePropertyValueGetter.getProperty` 解析 `class`；补丁改 `PropertySelector` 或 `ClassSelector`，两者未被调用。
