tool,matched_cves,downstream_projects,upstream_fixed,upstream_rate,upstream_ci_low,upstream_ci_high,downstream_macro_rate,downstream_ci_low,downstream_ci_high,difference_upstream_minus_downstream,difference_ci_low,difference_ci_high,downstream_micro_fixed,downstream_micro_total,downstream_micro_rate
Agentless,40,63,9,0.225000,0.100000,0.350000,0.345833,0.220833,0.479167,-0.120833,-0.304167,0.058333,23,63,0.365079
Appatch,40,63,11,0.275000,0.150000,0.425000,0.341667,0.216667,0.475000,-0.066667,-0.245833,0.120833,22,63,0.349206
OpenHands,40,63,19,0.475000,0.325000,0.625000,0.654167,0.520833,0.783333,-0.179167,-0.379167,0.025000,41,63,0.650794
PatchAgent,40,63,18,0.450000,0.300000,0.600000,0.366667,0.241667,0.500000,0.083333,-0.120833,0.287500,23,63,0.365079
PreMM,40,63,9,0.225000,0.100000,0.350000,0.333333,0.208333,0.475000,-0.108333,-0.312500,0.095833,20,63,0.317460
ReInFix,40,63,12,0.300000,0.175000,0.450000,0.250000,0.137500,0.375000,0.050000,-0.125000,0.225000,15,63,0.238095
RepairAgent,40,63,6,0.150000,0.050000,0.275000,0.287500,0.162500,0.425000,-0.137500,-0.300000,0.012500,16,63,0.253968
San2Patch,40,63,10,0.250000,0.125000,0.375000,0.320833,0.208333,0.441667,-0.070833,-0.250000,0.112500,21,63,0.333333
SWE-agent,40,63,15,0.375000,0.225000,0.525000,0.520833,0.379167,0.662500,-0.145833,-0.358333,0.066667,33,63,0.523810
overall,40,63,109,0.302778,0.208333,0.400000,0.380093,0.304155,0.451863,-0.077315,-0.195370,0.044444,214,567,0.377425
