TARGET_CLASS,criterion,Coverage,Total_Goals,Covered_Goals
com.zyd.blog.util.PasswordUtil,LINE;BRANCH;EXCEPTION;WEAKMUTATION;OUTPUT;METHOD;METHODNOEXCEPTION;CBRANCH,0.9375,31,28
com.zyd.blog.util.PasswordUtil,LINE;BRANCH;EXCEPTION;WEAKMUTATION;OUTPUT;METHOD;METHODNOEXCEPTION;CBRANCH,0.9375,31,27
com.zyd.blog.util.PasswordUtil,LINE;BRANCH;EXCEPTION;WEAKMUTATION;OUTPUT;METHOD;METHODNOEXCEPTION;CBRANCH,0.9375,31,28
com.zyd.blog.util.PasswordUtil,LINE;BRANCH;EXCEPTION;WEAKMUTATION;OUTPUT;METHOD;METHODNOEXCEPTION;CBRANCH,0.9375,31,28
com.zyd.blog.util.PasswordUtil,LINE;BRANCH;EXCEPTION;WEAKMUTATION;OUTPUT;METHOD;METHODNOEXCEPTION;CBRANCH,0.9375,31,28
com.zyd.blog.util.PasswordUtil,LINE;BRANCH;EXCEPTION;WEAKMUTATION;OUTPUT;METHOD;METHODNOEXCEPTION;CBRANCH,0.9375,31,28
com.zyd.blog.util.PasswordUtil,LINE;BRANCH;EXCEPTION;WEAKMUTATION;OUTPUT;METHOD;METHODNOEXCEPTION;CBRANCH,0.9375,31,28
com.zyd.blog.util.PasswordUtil,LINE;BRANCH;EXCEPTION;WEAKMUTATION;OUTPUT;METHOD;METHODNOEXCEPTION;CBRANCH,0.9375,31,28
com.zyd.blog.util.PasswordUtil,LINE;BRANCH;EXCEPTION;WEAKMUTATION;OUTPUT;METHOD;METHODNOEXCEPTION;CBRANCH,0.9375,31,28
com.zyd.blog.util.PasswordUtil,LINE;BRANCH;EXCEPTION;WEAKMUTATION;OUTPUT;METHOD;METHODNOEXCEPTION;CBRANCH,0.9375,31,28
com.zyd.blog.util.PasswordUtil,LINE;BRANCH;EXCEPTION;WEAKMUTATION;OUTPUT;METHOD;METHODNOEXCEPTION;CBRANCH,0.9375,31,28
com.zyd.blog.util.PasswordUtil,LINE;BRANCH;EXCEPTION;WEAKMUTATION;OUTPUT;METHOD;METHODNOEXCEPTION;CBRANCH,0.9375,31,28
com.zyd.blog.util.PasswordUtil,LINE;BRANCH;EXCEPTION;WEAKMUTATION;OUTPUT;METHOD;METHODNOEXCEPTION;CBRANCH,0.9375,31,28
com.zyd.blog.util.PasswordUtil,LINE;BRANCH;EXCEPTION;WEAKMUTATION;OUTPUT;METHOD;METHODNOEXCEPTION;CBRANCH,0.9375,31,28
com.zyd.blog.util.PasswordUtil,LINE;BRANCH;EXCEPTION;WEAKMUTATION;OUTPUT;METHOD;METHODNOEXCEPTION;CBRANCH,0.9375,31,26
com.zyd.blog.util.PasswordUtil,LINE;BRANCH;EXCEPTION;WEAKMUTATION;OUTPUT;METHOD;METHODNOEXCEPTION;CBRANCH,0.9375,31,28
com.zyd.blog.util.PasswordUtil,LINE;BRANCH;EXCEPTION;WEAKMUTATION;OUTPUT;METHOD;METHODNOEXCEPTION;CBRANCH,0.9375,31,28
com.zyd.blog.util.PasswordUtil,LINE;BRANCH;EXCEPTION;WEAKMUTATION;OUTPUT;METHOD;METHODNOEXCEPTION;CBRANCH,0.9375,31,28
com.zyd.blog.util.PasswordUtil,LINE;BRANCH;EXCEPTION;WEAKMUTATION;OUTPUT;METHOD;METHODNOEXCEPTION;CBRANCH,0.9375,31,28
com.zyd.blog.util.PasswordUtil,LINE;BRANCH;EXCEPTION;WEAKMUTATION;OUTPUT;METHOD;METHODNOEXCEPTION;CBRANCH,0.9375,31,28
com.zyd.blog.util.PasswordUtil,LINE;BRANCH;EXCEPTION;WEAKMUTATION;OUTPUT;METHOD;METHODNOEXCEPTION;CBRANCH,0.9375,31,28
com.zyd.blog.util.PasswordUtil,LINE;BRANCH;VESTA,1.0,7,7
com.zyd.blog.util.PasswordUtil,LINE;BRANCH;REACHABILITY,0.4376590330788804,132,41
