target_id,agentless,appatch,openhands,patchagent,premm,reinfix,repairagent,san2patch,sweagent
CODEC-263_DBlog-master,success,success,success,success,success,修复失败,empty,success,success
CODEC-270_BurpCrypto-master,编译错误,编译错误,success,修复失败,success,success,修复失败,success,success
CODEC-270_DBlog-master,修复失败,编译错误,success,修复失败,success,success,修复失败,success,success
CVE-2015-2156_webbit,编译错误,success,success,success,success,success,empty,success,success
CVE-2017-7957_cqrs-lottery-master,success,success,success,success,success,success,修复失败,success,success
CVE-2017-7957_rpki-commons,修复失败,编译错误,success,修复失败,success,success,修复失败,success,success
CVE-2017-7957_source,success,success,success,success,empty,success,修复失败,empty,success
CVE-2018-1000632_tcpser4j,修复失败,success,success,修复失败,empty,修复失败,修复失败,empty,success
CVE-2018-1002201_elasticsearch-maven-plugin,修复失败,success,success,success,修复失败,success,修复失败,success,success
CVE-2018-1002201_neo,empty,success,success,success,success,编译错误,success,success,success
CVE-2018-1002202_brigen-base,编译错误,修复失败,success,success,empty,编译错误,empty,empty,success
CVE-2018-1324_common-util,success,success,success,success,empty,success,empty,empty,success
CVE-2018-15756_mirage,success,编译错误,修复失败,修复失败,empty,编译错误,修复失败,empty,修复失败
CVE-2019-10086_bean-query,修复失败,success,success,success,修复失败,编译错误,success,修复失败,empty
CVE-2019-12415_PoiSamples,编译错误,success,修复失败,success,修复失败,编译错误,success,success,编译错误
CVE-2019-12415_poi-examples,empty,编译错误,success,success,修复失败,success,success,success,编译错误
CVE-2020-13956_crawler-jsoup-maven,success,success,success,success,success,编译错误,修复失败,success,success
CVE-2020-13956_wechat-ssm,empty,编译错误,修复失败,修复失败,编译错误,修复失败,empty,修复失败,编译错误
CVE-2020-26217_cqrs-lottery-master,编译错误,编译错误,success,success,修复失败,success,success,success,success
CVE-2020-26217_source,empty,success,success,success,empty,success,修复失败,empty,修复失败
CVE-2020-26258_cqrs-lottery-master,修复失败,修复失败,success,修复失败,修复失败,编译错误,success,修复失败,success
CVE-2021-21341_cqrs-lottery-master,修复失败,success,success,success,success,编译错误,success,修复失败,success
CVE-2021-21341_source,empty,success,success,success,empty,编译错误,修复失败,empty,编译错误
CVE-2021-23899_OmegaTester,编译错误,修复失败,success,修复失败,修复失败,修复失败,修复失败,修复失败,success
CVE-2021-23899_json-sanitizer,编译错误,修复失败,success,修复失败,修复失败,success,success,success,编译错误
CVE-2021-23900_OmegaTester,empty,success,success,success,success,success,修复失败,success,success
CVE-2021-27568_json-configuration,success,success,success,success,success,编译错误,success,success,编译错误
CVE-2021-29425_FastJoin,编译错误,编译错误,编译错误,success,success,success,修复失败,success,success
CVE-2021-31812_Framework-Mobile,empty,编译错误,success,success,empty,编译错误,success,success,empty
CVE-2021-31812_PDFConvert14,success,编译错误,success,success,编译错误,编译错误,success,success,success
CVE-2021-35516_JavaUtils-master,编译错误,success,success,success,empty,success,empty,success,success
CVE-2021-37714_phoenix_interface,success,编译错误,success,success,empty,success,empty,empty,success
CVE-2021-37714_pickaxe,编译错误,empty,success,success,empty,编译错误,success,empty,编译错误
CVE-2021-39144_cqrs-lottery-master,编译错误,success,success,success,编译错误,success,修复失败,修复失败,success
CVE-2021-39144_source,success,success,success,修复失败,empty,编译错误,success,empty,修复失败
CVE-2021-43859_rpki-commons,修复失败,编译错误,修复失败,修复失败,success,修复失败,修复失败,success,修复失败
CVE-2022-22976_RuoYi-Vue-Multi-Tenant,empty,编译错误,success,修复失败,success,success,编译错误,empty,success
CVE-2022-22976_gerenciador-viagens,empty,success,success,success,success,修复失败,修复失败,修复失败,success
CVE-2022-25845_base-starter,empty,success,success,success,empty,编译错误,success,empty,success
CVE-2022-25845_geek_framework,empty,success,success,success,success,编译错误,修复失败,success,success
CVE-2022-29631_ucloud-java-sdk,success,success,success,success,success,success,修复失败,success,empty
CVE-2022-41966_cqrs-lottery-master,编译错误,success,success,success,success,success,修复失败,success,修复失败
CVE-2022-41966_source,编译错误,success,success,success,empty,success,修复失败,empty,success
CVE-2022-42004_serritor,empty,success,success,success,success,编译错误,修复失败,success,empty
CVE-2022-42004_vsqdeveloper-serritor,empty,编译错误,success,success,success,编译错误,success,success,修复失败
CVE-2022-42889_java,success,success,success,empty,success,success,success,success,success
CVE-2022-45688_base-starter,success,编译错误,success,success,success,编译错误,修复失败,success,success
CVE-2022-45688_virtress,编译错误,success,success,success,success,success,修复失败,success,success
CVE-2023-1370_axon-server-se,编译错误,编译错误,编译错误,编译错误,编译错误,编译错误,empty,编译错误,empty
CVE-2023-1370_microservice-with-jwt-and-microprofile,success,success,success,success,success,success,修复失败,success,success
CVE-2023-34453_UltraPlaytime,empty,success,success,empty,success,success,修复失败,success,empty
CVE-2023-43642_flow,success,success,success,success,success,success,success,修复失败,success
IO-611_FastJoin,编译错误,编译错误,修复失败,success,success,编译错误,修复失败,修复失败,编译错误
IO-611_velocity-engine,empty,修复失败,success,empty,修复失败,success,empty,success,修复失败
LANG-1385_ewallet,empty,success,success,success,success,success,empty,success,success
LANG-1385_wechat-ssm,success,success,success,success,empty,success,empty,empty,success
LANG-1484_jjdz7-drony-refactor,success,编译错误,success,success,success,success,empty,success,success
LANG-1645_ewallet,success,success,success,success,success,success,empty,success,empty
LANG-1645_wechat-ssm,success,修复失败,success,success,empty,success,empty,empty,success
TEXT-215_geoportal-esri,empty,修复失败,修复失败,empty,修复失败,修复失败,编译错误,empty,修复失败
TEXT-215_geoportal-server,empty,修复失败,修复失败,修复失败,修复失败,修复失败,编译错误,empty,修复失败
Zip-263_CarStoreApi,success,修复失败,修复失败,success,success,success,empty,success,success
Zip-263_ZingClient,success,修复失败,修复失败,修复失败,success,success,success,修复失败,success
