index,target_id,tool,vuln_chain,cve_description,selfgen_upstream_patch,selfgen_upstream_patch_plus_vuln_chain,successful_patch_copy,successful_patch_source_path,patch_sha256,patch_bytes
1,CODEC-263_DBlog-master,patchagent,repair_failed,repair_failed,repair_failed,success,successful_patches/patchagent__CODEC-263_DBlog-master.patch,selfgen_upstream_patch_and_vuln_chain_validation/normalized_patches/normalized_patches_patchagent_20260830_195722/CODEC-263_DBlog-master.patch,fe04a771cd0ce28b6db313915a3b41b8f1d90db1176403c5fc4a4b246aee02dc,1234
2,CODEC-263_DBlog-master,repairagent,repair_failed,repair_failed,repair_failed,success,successful_patches/repairagent__CODEC-263_DBlog-master.patch,selfgen_upstream_patch_and_vuln_chain_validation/normalized_patches/normalized_patches_repairagent_20260830_195721/CODEC-263_DBlog-master.patch,b3b6830d0449ec6310d27327e058c5729dd262e3a9a0ff25adaac656dc9f55a5,997
3,CVE-2017-7957_cqrs-lottery-master,repairagent,repair_failed,repair_failed,repair_failed,success,successful_patches/repairagent__CVE-2017-7957_cqrs-lottery-master.patch,selfgen_upstream_patch_and_vuln_chain_validation/normalized_patches/normalized_patches_repairagent_20260830_195721/CVE-2017-7957_cqrs-lottery-master.patch,d5a069eeeb451c0a11e69f8f321d87262b22bf95fe54ab8c67d6fb5c58868c5d,861
4,CVE-2021-23899_json-sanitizer,premm,repair_failed,repair_failed,repair_failed,success,successful_patches/premm__CVE-2021-23899_json-sanitizer.patch,selfgen_upstream_patch_and_vuln_chain_validation/normalized_patches/normalized_patches_premm_20260830_195715/CVE-2021-23899_json-sanitizer.patch,0479a7bc9fd0e898d09c6b8c23df1f603493e7b70131e06007dcfbb5541e2f25,928
5,CVE-2021-39144_source,sweagent,repair_failed,repair_failed,repair_failed,success,successful_patches/sweagent__CVE-2021-39144_source.patch,selfgen_upstream_patch_and_vuln_chain_validation/normalized_patches/normalized_patches_sweagent_20260830_195734/CVE-2021-39144_source.patch,685d5be1fe3850f63e9929d13d5de2795e2307659f250e12627d7cdf35e7d4d5,1916
6,CVE-2021-43859_rpki-commons,openhands,repair_failed,repair_failed,repair_failed,success,successful_patches/openhands__CVE-2021-43859_rpki-commons.patch,selfgen_upstream_patch_and_vuln_chain_validation/normalized_patches/normalized_patches_openhands_20260830_195706/CVE-2021-43859_rpki-commons.patch,bc66a349972fdc0bf6458d321aeda0483d6aae8cae6c59a91a119c3d4b49f57a,3138
7,CVE-2022-25845_geek_framework,repairagent,repair_failed,repair_failed,repair_failed,success,successful_patches/repairagent__CVE-2022-25845_geek_framework.patch,selfgen_upstream_patch_and_vuln_chain_validation/normalized_patches/normalized_patches_repairagent_20260830_195721/CVE-2022-25845_geek_framework.patch,88d8ab56448491df6dad42c77e9f806009772c888e74b7a65c7bd5f990541e96,1702
8,CVE-2022-29631_ucloud-java-sdk,repairagent,repair_failed,repair_failed,repair_failed,success,successful_patches/repairagent__CVE-2022-29631_ucloud-java-sdk.patch,selfgen_upstream_patch_and_vuln_chain_validation/normalized_patches/normalized_patches_repairagent_20260830_195721/CVE-2022-29631_ucloud-java-sdk.patch,9bda0d5b5c497d5c9e52c290d084a112df9d67c70da9c6bb66f096dd56c68774,13404
9,CVE-2022-45688_virtress,repairagent,repair_failed,repair_failed,repair_failed,success,successful_patches/repairagent__CVE-2022-45688_virtress.patch,selfgen_upstream_patch_and_vuln_chain_validation/normalized_patches/normalized_patches_repairagent_20260830_195721/CVE-2022-45688_virtress.patch,e30bc5c4320ac72de8c4a197b333ab40c62cb8362d4f919146171d0f2c046e4b,518
