index,target_id,tool,also_strict_criterion,vuln_chain,cve_description,selfgen_upstream_patch,selfgen_upstream_patch_plus_vuln_chain
1,CODEC-263_DBlog-master,agentless,no,compile_error,compile_error,repair_failed,success
2,CODEC-263_DBlog-master,patchagent,yes,repair_failed,repair_failed,repair_failed,success
3,CODEC-263_DBlog-master,premm,no,compile_error,repair_failed,compile_error,success
4,CODEC-263_DBlog-master,repairagent,yes,repair_failed,repair_failed,repair_failed,success
5,CODEC-270_DBlog-master,repairagent,no,repair_failed,empty,repair_failed,success
6,CVE-2015-2156_webbit,appatch,no,repair_failed,empty,repair_failed,success
7,CVE-2015-2156_webbit,premm,no,compile_error,compile_error,compile_error,success
8,CVE-2015-2156_webbit,repairagent,no,repair_failed,empty,repair_failed,success
9,CVE-2017-7957_cqrs-lottery-master,repairagent,yes,repair_failed,repair_failed,repair_failed,success
10,CVE-2018-1002202_brigen-base,reinfix,no,compile_error,compile_error,repair_failed,success
11,CVE-2019-12415_poi-examples,appatch,no,compile_error,repair_failed,repair_failed,success
12,CVE-2020-13956_crawler-jsoup-maven,reinfix,no,compile_error,compile_error,compile_error,success
13,CVE-2020-13956_crawler-jsoup-maven,san2patch,no,empty,empty,empty,success
14,CVE-2020-26217_cqrs-lottery-master,agentless,no,compile_error,compile_error,repair_failed,success
15,CVE-2020-26258_cqrs-lottery-master,premm,no,compile_error,compile_error,repair_failed,success
16,CVE-2021-21341_cqrs-lottery-master,agentless,no,compile_error,compile_error,repair_failed,success
17,CVE-2021-21341_source,agentless,no,compile_error,compile_error,repair_failed,success
18,CVE-2021-21341_source,reinfix,no,compile_error,compile_error,compile_error,success
19,CVE-2021-23899_json-sanitizer,premm,yes,repair_failed,repair_failed,repair_failed,success
20,CVE-2021-37714_pickaxe,reinfix,no,compile_error,compile_error,compile_error,success
21,CVE-2021-39144_source,sweagent,yes,repair_failed,repair_failed,repair_failed,success
22,CVE-2021-43859_rpki-commons,openhands,yes,repair_failed,repair_failed,repair_failed,success
23,CVE-2021-43859_rpki-commons,san2patch,no,repair_failed,compile_error,repair_failed,success
24,CVE-2022-22976_gerenciador-viagens,sweagent,no,compile_error,repair_failed,repair_failed,success
25,CVE-2022-25845_geek_framework,agentless,no,compile_error,repair_failed,repair_failed,success
26,CVE-2022-25845_geek_framework,repairagent,yes,repair_failed,repair_failed,repair_failed,success
27,CVE-2022-29631_ucloud-java-sdk,repairagent,yes,repair_failed,repair_failed,repair_failed,success
28,CVE-2022-41966_source,agentless,no,compile_error,compile_error,repair_failed,success
29,CVE-2022-41966_source,appatch,no,compile_error,empty,compile_error,success
30,CVE-2022-42004_serritor,repairagent,no,repair_failed,empty,repair_failed,success
31,CVE-2022-42004_vsqdeveloper-serritor,agentless,no,compile_error,compile_error,compile_error,success
32,CVE-2022-42004_vsqdeveloper-serritor,repairagent,no,repair_failed,empty,repair_failed,success
33,CVE-2022-45688_virtress,repairagent,yes,repair_failed,repair_failed,repair_failed,success
34,CVE-2023-1370_microservice-with-jwt-and-microprofile,repairagent,no,repair_failed,empty,repair_failed,success
35,IO-611_FastJoin,reinfix,no,compile_error,repair_failed,compile_error,success
