序号,target_id,工具,漏洞链,CVE描述,自生成上游补丁,自生成上游补丁加漏洞链,成功补丁副本,成功补丁源路径,补丁SHA256,补丁字节数
1,CODEC-263_DBlog-master,patchagent,修复失败,修复失败,修复失败,success,成功补丁/patchagent__CODEC-263_DBlog-master.patch,带自生成上游补丁加漏洞链验证结果/正则化的补丁/normalized_patches_patchagent_20260830_195722/CODEC-263_DBlog-master.patch,fe04a771cd0ce28b6db313915a3b41b8f1d90db1176403c5fc4a4b246aee02dc,1234
2,CODEC-263_DBlog-master,repairagent,修复失败,修复失败,修复失败,success,成功补丁/repairagent__CODEC-263_DBlog-master.patch,带自生成上游补丁加漏洞链验证结果/正则化的补丁/normalized_patches_repairagent_20260830_195721/CODEC-263_DBlog-master.patch,b3b6830d0449ec6310d27327e058c5729dd262e3a9a0ff25adaac656dc9f55a5,997
3,CVE-2017-7957_cqrs-lottery-master,repairagent,修复失败,修复失败,修复失败,success,成功补丁/repairagent__CVE-2017-7957_cqrs-lottery-master.patch,带自生成上游补丁加漏洞链验证结果/正则化的补丁/normalized_patches_repairagent_20260830_195721/CVE-2017-7957_cqrs-lottery-master.patch,d5a069eeeb451c0a11e69f8f321d87262b22bf95fe54ab8c67d6fb5c58868c5d,861
4,CVE-2021-23899_json-sanitizer,premm,修复失败,修复失败,修复失败,success,成功补丁/premm__CVE-2021-23899_json-sanitizer.patch,带自生成上游补丁加漏洞链验证结果/正则化的补丁/normalized_patches_premm_20260830_195715/CVE-2021-23899_json-sanitizer.patch,0479a7bc9fd0e898d09c6b8c23df1f603493e7b70131e06007dcfbb5541e2f25,928
5,CVE-2021-39144_source,sweagent,修复失败,修复失败,修复失败,success,成功补丁/sweagent__CVE-2021-39144_source.patch,带自生成上游补丁加漏洞链验证结果/正则化的补丁/normalized_patches_sweagent_20260830_195734/CVE-2021-39144_source.patch,685d5be1fe3850f63e9929d13d5de2795e2307659f250e12627d7cdf35e7d4d5,1916
6,CVE-2021-43859_rpki-commons,openhands,修复失败,修复失败,修复失败,success,成功补丁/openhands__CVE-2021-43859_rpki-commons.patch,带自生成上游补丁加漏洞链验证结果/正则化的补丁/normalized_patches_openhands_20260830_195706/CVE-2021-43859_rpki-commons.patch,bc66a349972fdc0bf6458d321aeda0483d6aae8cae6c59a91a119c3d4b49f57a,3138
7,CVE-2022-25845_geek_framework,repairagent,修复失败,修复失败,修复失败,success,成功补丁/repairagent__CVE-2022-25845_geek_framework.patch,带自生成上游补丁加漏洞链验证结果/正则化的补丁/normalized_patches_repairagent_20260830_195721/CVE-2022-25845_geek_framework.patch,88d8ab56448491df6dad42c77e9f806009772c888e74b7a65c7bd5f990541e96,1702
8,CVE-2022-29631_ucloud-java-sdk,repairagent,修复失败,修复失败,修复失败,success,成功补丁/repairagent__CVE-2022-29631_ucloud-java-sdk.patch,带自生成上游补丁加漏洞链验证结果/正则化的补丁/normalized_patches_repairagent_20260830_195721/CVE-2022-29631_ucloud-java-sdk.patch,9bda0d5b5c497d5c9e52c290d084a112df9d67c70da9c6bb66f096dd56c68774,13404
9,CVE-2022-45688_virtress,repairagent,修复失败,修复失败,修复失败,success,成功补丁/repairagent__CVE-2022-45688_virtress.patch,带自生成上游补丁加漏洞链验证结果/正则化的补丁/normalized_patches_repairagent_20260830_195721/CVE-2022-45688_virtress.patch,e30bc5c4320ac72de8c4a197b333ab40c62cb8362d4f919146171d0f2c046e4b,518
