序号,target_id,工具,是否也属于严格口径,漏洞链,CVE描述,自生成上游补丁,自生成上游补丁加漏洞链
1,CODEC-263_DBlog-master,agentless,否,编译错误,编译错误,修复失败,success
2,CODEC-263_DBlog-master,patchagent,是,修复失败,修复失败,修复失败,success
3,CODEC-263_DBlog-master,premm,否,编译错误,修复失败,编译错误,success
4,CODEC-263_DBlog-master,repairagent,是,修复失败,修复失败,修复失败,success
5,CODEC-270_DBlog-master,repairagent,否,修复失败,empty,修复失败,success
6,CVE-2015-2156_webbit,appatch,否,修复失败,empty,修复失败,success
7,CVE-2015-2156_webbit,premm,否,编译错误,编译错误,编译错误,success
8,CVE-2015-2156_webbit,repairagent,否,修复失败,empty,修复失败,success
9,CVE-2017-7957_cqrs-lottery-master,repairagent,是,修复失败,修复失败,修复失败,success
10,CVE-2018-1002202_brigen-base,reinfix,否,编译错误,编译错误,修复失败,success
11,CVE-2019-12415_poi-examples,appatch,否,编译错误,修复失败,修复失败,success
12,CVE-2020-13956_crawler-jsoup-maven,reinfix,否,编译错误,编译错误,编译错误,success
13,CVE-2020-13956_crawler-jsoup-maven,san2patch,否,empty,empty,empty,success
14,CVE-2020-26217_cqrs-lottery-master,agentless,否,编译错误,编译错误,修复失败,success
15,CVE-2020-26258_cqrs-lottery-master,premm,否,编译错误,编译错误,修复失败,success
16,CVE-2021-21341_cqrs-lottery-master,agentless,否,编译错误,编译错误,修复失败,success
17,CVE-2021-21341_source,agentless,否,编译错误,编译错误,修复失败,success
18,CVE-2021-21341_source,reinfix,否,编译错误,编译错误,编译错误,success
19,CVE-2021-23899_json-sanitizer,premm,是,修复失败,修复失败,修复失败,success
20,CVE-2021-37714_pickaxe,reinfix,否,编译错误,编译错误,编译错误,success
21,CVE-2021-39144_source,sweagent,是,修复失败,修复失败,修复失败,success
22,CVE-2021-43859_rpki-commons,openhands,是,修复失败,修复失败,修复失败,success
23,CVE-2021-43859_rpki-commons,san2patch,否,修复失败,编译错误,修复失败,success
24,CVE-2022-22976_gerenciador-viagens,sweagent,否,编译错误,修复失败,修复失败,success
25,CVE-2022-25845_geek_framework,agentless,否,编译错误,修复失败,修复失败,success
26,CVE-2022-25845_geek_framework,repairagent,是,修复失败,修复失败,修复失败,success
27,CVE-2022-29631_ucloud-java-sdk,repairagent,是,修复失败,修复失败,修复失败,success
28,CVE-2022-41966_source,agentless,否,编译错误,编译错误,修复失败,success
29,CVE-2022-41966_source,appatch,否,编译错误,empty,编译错误,success
30,CVE-2022-42004_serritor,repairagent,否,修复失败,empty,修复失败,success
31,CVE-2022-42004_vsqdeveloper-serritor,agentless,否,编译错误,编译错误,编译错误,success
32,CVE-2022-42004_vsqdeveloper-serritor,repairagent,否,修复失败,empty,修复失败,success
33,CVE-2022-45688_virtress,repairagent,是,修复失败,修复失败,修复失败,success
34,CVE-2023-1370_microservice-with-jwt-and-microprofile,repairagent,否,修复失败,empty,修复失败,success
35,IO-611_FastJoin,reinfix,否,编译错误,修复失败,编译错误,success
