target_id,agentless,appatch,openhands,patchagent,premm,reinfix,repairagent,san2patch,sweagent
CODEC-263_DBlog-master,repair_failed,success,repair_failed,repair_failed,success,repair_failed,repair_failed,repair_failed,success
CODEC-270_BurpCrypto-master,success,compile_error,success,success,repair_failed,success,success,repair_failed,success
CODEC-270_DBlog-master,compile_error,success,repair_failed,success,repair_failed,success,repair_failed,empty,success
CVE-2015-2156_webbit,repair_failed,compile_error,success,repair_failed,success,compile_error,repair_failed,success,success
CVE-2017-7957_cqrs-lottery-master,success,success,success,success,success,success,success,success,success
CVE-2017-7957_rpki-commons,compile_error,repair_failed,success,success,success,success,repair_failed,success,success
CVE-2017-7957_source,success,success,success,success,empty,compile_error,repair_failed,empty,success
CVE-2018-1000632_tcpser4j,repair_failed,success,repair_failed,success,empty,repair_failed,repair_failed,empty,success
CVE-2018-1002201_elasticsearch-maven-plugin,success,compile_error,repair_failed,success,repair_failed,success,success,repair_failed,compile_error
CVE-2018-1002201_neo,repair_failed,compile_error,success,success,success,success,success,repair_failed,empty
CVE-2018-1002202_brigen-base,success,compile_error,success,success,empty,repair_failed,empty,empty,success
CVE-2018-1324_common-util,success,compile_error,success,success,empty,compile_error,empty,empty,success
CVE-2018-15756_mirage,repair_failed,repair_failed,compile_error,repair_failed,empty,compile_error,empty,empty,success
CVE-2019-10086_bean-query,success,success,success,success,repair_failed,repair_failed,success,empty,compile_error
CVE-2019-12415_PoiSamples,success,empty,success,success,repair_failed,success,repair_failed,repair_failed,success
CVE-2019-12415_poi-examples,success,repair_failed,success,success,success,compile_error,success,repair_failed,success
CVE-2020-13956_crawler-jsoup-maven,repair_failed,success,success,success,repair_failed,repair_failed,repair_failed,repair_failed,success
CVE-2020-13956_wechat-ssm,repair_failed,compile_error,repair_failed,repair_failed,repair_failed,compile_error,empty,repair_failed,repair_failed
CVE-2020-26217_cqrs-lottery-master,success,success,success,success,success,success,success,success,repair_failed
CVE-2020-26217_source,repair_failed,success,repair_failed,success,empty,success,repair_failed,empty,repair_failed
CVE-2020-26258_cqrs-lottery-master,compile_error,compile_error,success,success,success,compile_error,success,success,success
CVE-2021-21341_cqrs-lottery-master,repair_failed,repair_failed,repair_failed,repair_failed,repair_failed,compile_error,success,repair_failed,repair_failed
CVE-2021-21341_source,compile_error,compile_error,success,success,empty,compile_error,repair_failed,empty,success
CVE-2021-23899_OmegaTester,compile_error,repair_failed,repair_failed,repair_failed,repair_failed,compile_error,repair_failed,repair_failed,repair_failed
CVE-2021-23899_json-sanitizer,repair_failed,success,repair_failed,success,success,success,success,success,repair_failed
CVE-2021-23900_OmegaTester,success,compile_error,success,success,success,success,success,success,empty
CVE-2021-27568_json-configuration,repair_failed,success,success,success,success,success,repair_failed,success,success
CVE-2021-29425_FastJoin,compile_error,repair_failed,success,repair_failed,success,success,repair_failed,success,success
CVE-2021-31812_Framework-Mobile,success,success,success,success,success,compile_error,success,success,success
CVE-2021-31812_PDFConvert14,success,success,success,success,compile_error,success,compile_error,success,success
CVE-2021-35516_JavaUtils-master,success,success,success,success,success,success,success,success,compile_error
CVE-2021-37714_phoenix_interface,compile_error,compile_error,success,success,empty,success,success,empty,empty
CVE-2021-37714_pickaxe,success,success,success,success,empty,success,success,empty,success
CVE-2021-39144_cqrs-lottery-master,compile_error,success,success,repair_failed,repair_failed,success,success,success,compile_error
CVE-2021-39144_source,success,repair_failed,success,success,empty,repair_failed,success,empty,success
CVE-2021-43859_rpki-commons,repair_failed,compile_error,repair_failed,repair_failed,success,compile_error,success,repair_failed,repair_failed
CVE-2022-22976_RuoYi-Vue-Multi-Tenant,empty,compile_error,success,repair_failed,repair_failed,repair_failed,repair_failed,empty,repair_failed
CVE-2022-22976_gerenciador-viagens,repair_failed,success,repair_failed,repair_failed,repair_failed,repair_failed,repair_failed,repair_failed,repair_failed
CVE-2022-25845_base-starter,compile_error,repair_failed,success,success,empty,compile_error,repair_failed,empty,success
CVE-2022-25845_geek_framework,repair_failed,repair_failed,success,success,success,compile_error,success,success,success
CVE-2022-29631_ucloud-java-sdk,repair_failed,repair_failed,repair_failed,repair_failed,success,repair_failed,repair_failed,repair_failed,empty
CVE-2022-41966_cqrs-lottery-master,success,success,repair_failed,success,success,success,repair_failed,success,success
CVE-2022-41966_source,success,compile_error,success,success,empty,success,repair_failed,empty,compile_error
CVE-2022-42004_serritor,success,compile_error,success,compile_error,success,success,repair_failed,repair_failed,empty
CVE-2022-42004_vsqdeveloper-serritor,compile_error,success,success,repair_failed,success,success,repair_failed,success,success
CVE-2022-42889_java,success,success,success,success,success,success,success,success,success
CVE-2022-45688_base-starter,compile_error,compile_error,success,success,success,success,repair_failed,success,success
CVE-2022-45688_virtress,compile_error,success,success,success,success,compile_error,success,empty,success
CVE-2023-1370_axon-server-se,compile_error,compile_error,compile_error,compile_error,compile_error,compile_error,empty,compile_error,empty
CVE-2023-1370_microservice-with-jwt-and-microprofile,compile_error,success,success,success,repair_failed,success,success,success,success
CVE-2023-34453_UltraPlaytime,compile_error,success,success,empty,success,success,success,success,success
CVE-2023-43642_flow,repair_failed,success,success,success,success,success,repair_failed,success,success
IO-611_FastJoin,repair_failed,repair_failed,success,success,repair_failed,repair_failed,repair_failed,empty,repair_failed
IO-611_velocity-engine,repair_failed,compile_error,repair_failed,empty,repair_failed,success,empty,success,repair_failed
LANG-1385_ewallet,repair_failed,repair_failed,success,success,success,success,empty,repair_failed,empty
LANG-1385_wechat-ssm,success,success,success,success,empty,success,empty,empty,success
LANG-1484_jjdz7-drony-refactor,repair_failed,repair_failed,success,repair_failed,repair_failed,success,empty,success,repair_failed
LANG-1645_ewallet,success,success,success,success,success,success,empty,success,success
LANG-1645_wechat-ssm,success,repair_failed,success,success,empty,success,empty,empty,success
TEXT-215_geoportal-esri,empty,repair_failed,repair_failed,empty,compile_error,repair_failed,repair_failed,empty,repair_failed
TEXT-215_geoportal-server,empty,repair_failed,repair_failed,repair_failed,repair_failed,repair_failed,repair_failed,empty,repair_failed
Zip-263_CarStoreApi,success,compile_error,success,success,success,success,empty,success,success
Zip-263_ZingClient,repair_failed,success,success,success,success,success,success,success,success
